[
{
  "model": "auth.group",
  "pk": 1,
  "fields": {
    "name": "Топ менеджмент",
    "permissions": [
      [
        "view_component",
        "projects",
        "component"
      ],
      [
        "view_componentssite1",
        "projects",
        "componentssite1"
      ],
      [
        "view_notification",
        "projects",
        "notification"
      ],
      [
        "view_plantunit",
        "projects",
        "plantunit"
      ],
      [
        "view_samplingsite",
        "projects",
        "samplingsite"
      ],
      [
        "change_status",
        "projects",
        "status"
      ],
      [
        "view_status",
        "projects",
        "status"
      ],
      [
        "view_task",
        "projects",
        "task"
      ],
      [
        "view_watertype",
        "projects",
        "watertype"
      ],
      [
        "add_comment",
        "tasks",
        "comment"
      ],
      [
        "change_comment",
        "tasks",
        "comment"
      ],
      [
        "delete_comment",
        "tasks",
        "comment"
      ],
      [
        "view_comment",
        "tasks",
        "comment"
      ]
    ]
  }
},
{
  "model": "auth.group",
  "pk": 2,
  "fields": {
    "name": "Сотрудники",
    "permissions": [
      [
        "view_component",
        "projects",
        "component"
      ],
      [
        "view_componentssite1",
        "projects",
        "componentssite1"
      ],
      [
        "view_notification",
        "projects",
        "notification"
      ],
      [
        "view_plantunit",
        "projects",
        "plantunit"
      ],
      [
        "view_samplingsite",
        "projects",
        "samplingsite"
      ],
      [
        "change_status",
        "projects",
        "status"
      ],
      [
        "view_status",
        "projects",
        "status"
      ],
      [
        "view_task",
        "projects",
        "task"
      ],
      [
        "view_watertype",
        "projects",
        "watertype"
      ],
      [
        "add_comment",
        "tasks",
        "comment"
      ],
      [
        "change_comment",
        "tasks",
        "comment"
      ],
      [
        "delete_comment",
        "tasks",
        "comment"
      ],
      [
        "view_comment",
        "tasks",
        "comment"
      ]
    ]
  }
},
{
  "model": "auth.group",
  "pk": 3,
  "fields": {
    "name": "Начальник установки",
    "permissions": [
      [
        "add_additionalcomponents",
        "projects",
        "additionalcomponents"
      ],
      [
        "view_component",
        "projects",
        "component"
      ],
      [
        "view_componentssite1",
        "projects",
        "componentssite1"
      ],
      [
        "view_notification",
        "projects",
        "notification"
      ],
      [
        "view_plantunit",
        "projects",
        "plantunit"
      ],
      [
        "view_samplingsite",
        "projects",
        "samplingsite"
      ],
      [
        "change_status",
        "projects",
        "status"
      ],
      [
        "view_status",
        "projects",
        "status"
      ],
      [
        "add_task",
        "projects",
        "task"
      ],
      [
        "change_task",
        "projects",
        "task"
      ],
      [
        "delete_task",
        "projects",
        "task"
      ],
      [
        "view_task",
        "projects",
        "task"
      ],
      [
        "view_watertype",
        "projects",
        "watertype"
      ],
      [
        "add_comment",
        "tasks",
        "comment"
      ],
      [
        "change_comment",
        "tasks",
        "comment"
      ],
      [
        "delete_comment",
        "tasks",
        "comment"
      ],
      [
        "view_comment",
        "tasks",
        "comment"
      ]
    ]
  }
},
{
  "model": "auth.group",
  "pk": 4,
  "fields": {
    "name": "Лаборант",
    "permissions": [
      [
        "add_componentssite1",
        "projects",
        "componentssite1"
      ]
    ]
  }
},
{
  "model": "auth.user",
  "pk": 1,
  "fields": {
    "password": "pbkdf2_sha256$260000$A0ZsHtgHe2BPhUwLZrLSmE$KnVy1FMUUMlSVc9FdCOVFBtiW3mEHAHvoDuah7gES0s=",
    "last_login": "2022-05-12T10:31:27.449",
    "is_superuser": true,
    "username": "admin",
    "first_name": "admin",
    "last_name": "adminov",
    "email": "",
    "is_staff": true,
    "is_active": true,
    "date_joined": "2022-03-29T17:34:47",
    "groups": [
      [
        "Топ менеджмент"
      ],
      [
        "Сотрудники"
      ],
      [
        "Начальник установки"
      ],
      [
        "Лаборант"
      ]
    ],
    "user_permissions": [
      [
        "add_emailaddress",
        "account",
        "emailaddress"
      ],
      [
        "change_emailaddress",
        "account",
        "emailaddress"
      ],
      [
        "delete_emailaddress",
        "account",
        "emailaddress"
      ],
      [
        "view_emailaddress",
        "account",
        "emailaddress"
      ],
      [
        "add_emailconfirmation",
        "account",
        "emailconfirmation"
      ],
      [
        "change_emailconfirmation",
        "account",
        "emailconfirmation"
      ],
      [
        "delete_emailconfirmation",
        "account",
        "emailconfirmation"
      ],
      [
        "view_emailconfirmation",
        "account",
        "emailconfirmation"
      ],
      [
        "add_profile",
        "accounts",
        "profile"
      ],
      [
        "change_profile",
        "accounts",
        "profile"
      ],
      [
        "delete_profile",
        "accounts",
        "profile"
      ],
      [
        "view_profile",
        "accounts",
        "profile"
      ],
      [
        "add_logentry",
        "admin",
        "logentry"
      ],
      [
        "change_logentry",
        "admin",
        "logentry"
      ],
      [
        "delete_logentry",
        "admin",
        "logentry"
      ],
      [
        "view_logentry",
        "admin",
        "logentry"
      ],
      [
        "add_group",
        "auth",
        "group"
      ],
      [
        "change_group",
        "auth",
        "group"
      ],
      [
        "delete_group",
        "auth",
        "group"
      ],
      [
        "view_group",
        "auth",
        "group"
      ],
      [
        "add_permission",
        "auth",
        "permission"
      ],
      [
        "change_permission",
        "auth",
        "permission"
      ],
      [
        "delete_permission",
        "auth",
        "permission"
      ],
      [
        "view_permission",
        "auth",
        "permission"
      ],
      [
        "add_user",
        "auth",
        "user"
      ],
      [
        "change_user",
        "auth",
        "user"
      ],
      [
        "delete_user",
        "auth",
        "user"
      ],
      [
        "view_user",
        "auth",
        "user"
      ],
      [
        "add_contenttype",
        "contenttypes",
        "contenttype"
      ],
      [
        "change_contenttype",
        "contenttypes",
        "contenttype"
      ],
      [
        "delete_contenttype",
        "contenttypes",
        "contenttype"
      ],
      [
        "view_contenttype",
        "contenttypes",
        "contenttype"
      ],
      [
        "add_customers",
        "ecommerce",
        "customers"
      ],
      [
        "change_customers",
        "ecommerce",
        "customers"
      ],
      [
        "delete_customers",
        "ecommerce",
        "customers"
      ],
      [
        "view_customers",
        "ecommerce",
        "customers"
      ],
      [
        "add_component",
        "projects",
        "component"
      ],
      [
        "change_component",
        "projects",
        "component"
      ],
      [
        "delete_component",
        "projects",
        "component"
      ],
      [
        "view_component",
        "projects",
        "component"
      ],
      [
        "add_componentssite1",
        "projects",
        "componentssite1"
      ],
      [
        "change_componentssite1",
        "projects",
        "componentssite1"
      ],
      [
        "delete_componentssite1",
        "projects",
        "componentssite1"
      ],
      [
        "view_componentssite1",
        "projects",
        "componentssite1"
      ],
      [
        "add_componentssite10",
        "projects",
        "componentssite10"
      ],
      [
        "change_componentssite10",
        "projects",
        "componentssite10"
      ],
      [
        "delete_componentssite10",
        "projects",
        "componentssite10"
      ],
      [
        "view_componentssite10",
        "projects",
        "componentssite10"
      ],
      [
        "add_componentssite11",
        "projects",
        "componentssite11"
      ],
      [
        "change_componentssite11",
        "projects",
        "componentssite11"
      ],
      [
        "delete_componentssite11",
        "projects",
        "componentssite11"
      ],
      [
        "view_componentssite11",
        "projects",
        "componentssite11"
      ],
      [
        "add_componentssite12",
        "projects",
        "componentssite12"
      ],
      [
        "change_componentssite12",
        "projects",
        "componentssite12"
      ],
      [
        "delete_componentssite12",
        "projects",
        "componentssite12"
      ],
      [
        "view_componentssite12",
        "projects",
        "componentssite12"
      ],
      [
        "add_componentssite13",
        "projects",
        "componentssite13"
      ],
      [
        "change_componentssite13",
        "projects",
        "componentssite13"
      ],
      [
        "delete_componentssite13",
        "projects",
        "componentssite13"
      ],
      [
        "view_componentssite13",
        "projects",
        "componentssite13"
      ],
      [
        "add_componentssite14",
        "projects",
        "componentssite14"
      ],
      [
        "change_componentssite14",
        "projects",
        "componentssite14"
      ],
      [
        "delete_componentssite14",
        "projects",
        "componentssite14"
      ],
      [
        "view_componentssite14",
        "projects",
        "componentssite14"
      ],
      [
        "add_componentssite2",
        "projects",
        "componentssite2"
      ],
      [
        "change_componentssite2",
        "projects",
        "componentssite2"
      ],
      [
        "delete_componentssite2",
        "projects",
        "componentssite2"
      ],
      [
        "view_componentssite2",
        "projects",
        "componentssite2"
      ],
      [
        "add_componentssite3",
        "projects",
        "componentssite3"
      ],
      [
        "change_componentssite3",
        "projects",
        "componentssite3"
      ],
      [
        "delete_componentssite3",
        "projects",
        "componentssite3"
      ],
      [
        "view_componentssite3",
        "projects",
        "componentssite3"
      ],
      [
        "add_componentssite4",
        "projects",
        "componentssite4"
      ],
      [
        "change_componentssite4",
        "projects",
        "componentssite4"
      ],
      [
        "delete_componentssite4",
        "projects",
        "componentssite4"
      ],
      [
        "view_componentssite4",
        "projects",
        "componentssite4"
      ],
      [
        "add_componentssite5",
        "projects",
        "componentssite5"
      ],
      [
        "change_componentssite5",
        "projects",
        "componentssite5"
      ],
      [
        "delete_componentssite5",
        "projects",
        "componentssite5"
      ],
      [
        "view_componentssite5",
        "projects",
        "componentssite5"
      ],
      [
        "add_componentssite6",
        "projects",
        "componentssite6"
      ],
      [
        "change_componentssite6",
        "projects",
        "componentssite6"
      ],
      [
        "delete_componentssite6",
        "projects",
        "componentssite6"
      ],
      [
        "view_componentssite6",
        "projects",
        "componentssite6"
      ],
      [
        "add_componentssite7",
        "projects",
        "componentssite7"
      ],
      [
        "change_componentssite7",
        "projects",
        "componentssite7"
      ],
      [
        "delete_componentssite7",
        "projects",
        "componentssite7"
      ],
      [
        "view_componentssite7",
        "projects",
        "componentssite7"
      ],
      [
        "add_componentssite8",
        "projects",
        "componentssite8"
      ],
      [
        "change_componentssite8",
        "projects",
        "componentssite8"
      ],
      [
        "delete_componentssite8",
        "projects",
        "componentssite8"
      ],
      [
        "view_componentssite8",
        "projects",
        "componentssite8"
      ],
      [
        "add_componentssite9",
        "projects",
        "componentssite9"
      ],
      [
        "change_componentssite9",
        "projects",
        "componentssite9"
      ],
      [
        "delete_componentssite9",
        "projects",
        "componentssite9"
      ],
      [
        "view_componentssite9",
        "projects",
        "componentssite9"
      ],
      [
        "add_notification",
        "projects",
        "notification"
      ],
      [
        "change_notification",
        "projects",
        "notification"
      ],
      [
        "delete_notification",
        "projects",
        "notification"
      ],
      [
        "view_notification",
        "projects",
        "notification"
      ],
      [
        "add_plantunit",
        "projects",
        "plantunit"
      ],
      [
        "change_plantunit",
        "projects",
        "plantunit"
      ],
      [
        "delete_plantunit",
        "projects",
        "plantunit"
      ],
      [
        "view_plantunit",
        "projects",
        "plantunit"
      ],
      [
        "add_samplingsite",
        "projects",
        "samplingsite"
      ],
      [
        "change_samplingsite",
        "projects",
        "samplingsite"
      ],
      [
        "delete_samplingsite",
        "projects",
        "samplingsite"
      ],
      [
        "view_samplingsite",
        "projects",
        "samplingsite"
      ],
      [
        "add_status",
        "projects",
        "status"
      ],
      [
        "change_status",
        "projects",
        "status"
      ],
      [
        "delete_status",
        "projects",
        "status"
      ],
      [
        "view_status",
        "projects",
        "status"
      ],
      [
        "add_task",
        "projects",
        "task"
      ],
      [
        "change_task",
        "projects",
        "task"
      ],
      [
        "delete_task",
        "projects",
        "task"
      ],
      [
        "view_task",
        "projects",
        "task"
      ],
      [
        "add_watertype",
        "projects",
        "watertype"
      ],
      [
        "change_watertype",
        "projects",
        "watertype"
      ],
      [
        "delete_watertype",
        "projects",
        "watertype"
      ],
      [
        "view_watertype",
        "projects",
        "watertype"
      ],
      [
        "add_session",
        "sessions",
        "session"
      ],
      [
        "change_session",
        "sessions",
        "session"
      ],
      [
        "delete_session",
        "sessions",
        "session"
      ],
      [
        "view_session",
        "sessions",
        "session"
      ],
      [
        "add_site",
        "sites",
        "site"
      ],
      [
        "change_site",
        "sites",
        "site"
      ],
      [
        "delete_site",
        "sites",
        "site"
      ],
      [
        "view_site",
        "sites",
        "site"
      ],
      [
        "add_socialaccount",
        "socialaccount",
        "socialaccount"
      ],
      [
        "change_socialaccount",
        "socialaccount",
        "socialaccount"
      ],
      [
        "delete_socialaccount",
        "socialaccount",
        "socialaccount"
      ],
      [
        "view_socialaccount",
        "socialaccount",
        "socialaccount"
      ],
      [
        "add_socialapp",
        "socialaccount",
        "socialapp"
      ],
      [
        "change_socialapp",
        "socialaccount",
        "socialapp"
      ],
      [
        "delete_socialapp",
        "socialaccount",
        "socialapp"
      ],
      [
        "view_socialapp",
        "socialaccount",
        "socialapp"
      ],
      [
        "add_socialtoken",
        "socialaccount",
        "socialtoken"
      ],
      [
        "change_socialtoken",
        "socialaccount",
        "socialtoken"
      ],
      [
        "delete_socialtoken",
        "socialaccount",
        "socialtoken"
      ],
      [
        "view_socialtoken",
        "socialaccount",
        "socialtoken"
      ],
      [
        "add_comment",
        "tasks",
        "comment"
      ],
      [
        "change_comment",
        "tasks",
        "comment"
      ],
      [
        "delete_comment",
        "tasks",
        "comment"
      ],
      [
        "view_comment",
        "tasks",
        "comment"
      ]
    ]
  }
}
]
