[{
        "model": "admin.logentry",
        "pk": 1,
        "fields": {
            "action_time": "2022-03-30T12:29:38.401",
            "user": 1,
            "content_type": 28,
            "object_id": "1",
            "object_repr": "участник 1 | 2022-03-30",
            "action_flag": 1,
            "change_message": "[{\"added\": {}}]"
        }
    },
    {
        "model": "admin.logentry",
        "pk": 2,
        "fields": {
            "action_time": "2022-03-30T12:30:06.577",
            "user": 1,
            "content_type": 28,
            "object_id": "2",
            "object_repr": "участник 2 | 2022-03-30",
            "action_flag": 1,
            "change_message": "[{\"added\": {}}]"
        }
    },
    {
        "model": "admin.logentry",
        "pk": 3,
        "fields": {
            "action_time": "2022-04-04T11:49:21.369",
            "user": 1,
            "content_type": 2,
            "object_id": "1",
            "object_repr": "Top management",
            "action_flag": 1,
            "change_message": "[{\"added\": {}}]"
        }
    },
    {
        "model": "admin.logentry",
        "pk": 4,
        "fields": {
            "action_time": "2022-04-04T11:51:32.170",
            "user": 1,
            "content_type": 2,
            "object_id": "2",
            "object_repr": "Employees",
            "action_flag": 1,
            "change_message": "[{\"added\": {}}]"
        }
    },
    {
        "model": "admin.logentry",
        "pk": 5,
        "fields": {
            "action_time": "2022-04-04T11:52:44.634",
            "user": 1,
            "content_type": 2,
            "object_id": "3",
            "object_repr": "Plant unit head",
            "action_flag": 1,
            "change_message": "[{\"added\": {}}]"
        }
    },
    {
        "model": "admin.logentry",
        "pk": 6,
        "fields": {
            "action_time": "2022-04-04T11:53:01.620",
            "user": 1,
            "content_type": 2,
            "object_id": "1",
            "object_repr": "Top management",
            "action_flag": 2,
            "change_message": "[{\"changed\": {\"fields\": [\"Permissions\"]}}]"
        }
    },
    {
        "model": "admin.logentry",
        "pk": 7,
        "fields": {
            "action_time": "2022-04-04T11:53:14.774",
            "user": 1,
            "content_type": 2,
            "object_id": "3",
            "object_repr": "Plant unit head",
            "action_flag": 2,
            "change_message": "[]"
        }
    },
    {
        "model": "admin.logentry",
        "pk": 8,
        "fields": {
            "action_time": "2022-04-04T11:53:22.154",
            "user": 1,
            "content_type": 2,
            "object_id": "2",
            "object_repr": "Employees",
            "action_flag": 2,
            "change_message": "[{\"changed\": {\"fields\": [\"Permissions\"]}}]"
        }
    },
    {
        "model": "admin.logentry",
        "pk": 9,
        "fields": {
            "action_time": "2022-04-04T11:54:41.983",
            "user": 1,
            "content_type": 2,
            "object_id": "4",
            "object_repr": "Laboratory",
            "action_flag": 1,
            "change_message": "[{\"added\": {}}]"
        }
    },
    {
        "model": "admin.logentry",
        "pk": 10,
        "fields": {
            "action_time": "2022-04-04T11:54:53.696",
            "user": 1,
            "content_type": 2,
            "object_id": "1",
            "object_repr": "Топ менеджмент",
            "action_flag": 2,
            "change_message": "[{\"changed\": {\"fields\": [\"Name\"]}}]"
        }
    },
    {
        "model": "admin.logentry",
        "pk": 11,
        "fields": {
            "action_time": "2022-04-04T11:55:01.127",
            "user": 1,
            "content_type": 2,
            "object_id": "3",
            "object_repr": "Начальник установки",
            "action_flag": 2,
            "change_message": "[{\"changed\": {\"fields\": [\"Name\"]}}]"
        }
    },
    {
        "model": "admin.logentry",
        "pk": 12,
        "fields": {
            "action_time": "2022-04-04T11:55:08.028",
            "user": 1,
            "content_type": 2,
            "object_id": "4",
            "object_repr": "Лаборант",
            "action_flag": 2,
            "change_message": "[{\"changed\": {\"fields\": [\"Name\"]}}]"
        }
    },
    {
        "model": "admin.logentry",
        "pk": 13,
        "fields": {
            "action_time": "2022-04-04T11:55:16.002",
            "user": 1,
            "content_type": 2,
            "object_id": "2",
            "object_repr": "Сотрудники",
            "action_flag": 2,
            "change_message": "[{\"changed\": {\"fields\": [\"Name\"]}}]"
        }
    },
    {
        "model": "admin.logentry",
        "pk": 14,
        "fields": {
            "action_time": "2022-04-04T12:11:01.241",
            "user": 1,
            "content_type": 3,
            "object_id": "2",
            "object_repr": "lab_assistant",
            "action_flag": 1,
            "change_message": "[{\"added\": {}}]"
        }
    },
    {
        "model": "admin.logentry",
        "pk": 15,
        "fields": {
            "action_time": "2022-04-04T12:11:11.269",
            "user": 1,
            "content_type": 3,
            "object_id": "2",
            "object_repr": "lab_assistant",
            "action_flag": 2,
            "change_message": "[{\"changed\": {\"fields\": [\"Groups\"]}}]"
        }
    },
    {
        "model": "admin.logentry",
        "pk": 16,
        "fields": {
            "action_time": "2022-04-04T12:11:27.243",
            "user": 1,
            "content_type": 3,
            "object_id": "3",
            "object_repr": "director",
            "action_flag": 1,
            "change_message": "[{\"added\": {}}]"
        }
    },
    {
        "model": "admin.logentry",
        "pk": 17,
        "fields": {
            "action_time": "2022-04-04T12:11:32.507",
            "user": 1,
            "content_type": 3,
            "object_id": "3",
            "object_repr": "director",
            "action_flag": 2,
            "change_message": "[{\"changed\": {\"fields\": [\"Groups\"]}}]"
        }
    },
    {
        "model": "admin.logentry",
        "pk": 18,
        "fields": {
            "action_time": "2022-04-04T12:11:53.390",
            "user": 1,
            "content_type": 3,
            "object_id": "4",
            "object_repr": "unit1_head",
            "action_flag": 1,
            "change_message": "[{\"added\": {}}]"
        }
    },
    {
        "model": "admin.logentry",
        "pk": 19,
        "fields": {
            "action_time": "2022-04-04T12:12:03.384",
            "user": 1,
            "content_type": 3,
            "object_id": "4",
            "object_repr": "unit1_head",
            "action_flag": 2,
            "change_message": "[{\"changed\": {\"fields\": [\"Groups\"]}}]"
        }
    },
    {
        "model": "admin.logentry",
        "pk": 20,
        "fields": {
            "action_time": "2022-04-04T12:12:19.217",
            "user": 1,
            "content_type": 3,
            "object_id": "5",
            "object_repr": "consultant",
            "action_flag": 1,
            "change_message": "[{\"added\": {}}]"
        }
    },
    {
        "model": "admin.logentry",
        "pk": 21,
        "fields": {
            "action_time": "2022-04-04T12:12:24.934",
            "user": 1,
            "content_type": 3,
            "object_id": "5",
            "object_repr": "consultant",
            "action_flag": 2,
            "change_message": "[{\"changed\": {\"fields\": [\"Groups\"]}}]"
        }
    },
    {
        "model": "admin.logentry",
        "pk": 22,
        "fields": {
            "action_time": "2022-04-04T12:16:35.591",
            "user": 1,
            "content_type": 3,
            "object_id": "2",
            "object_repr": "lab_assistant",
            "action_flag": 2,
            "change_message": "[{\"changed\": {\"fields\": [\"Email address\"]}}]"
        }
    },
    {
        "model": "admin.logentry",
        "pk": 23,
        "fields": {
            "action_time": "2022-04-04T12:17:08.269",
            "user": 1,
            "content_type": 3,
            "object_id": "2",
            "object_repr": "lab_assistant",
            "action_flag": 2,
            "change_message": "[{\"changed\": {\"fields\": [\"First name\", \"Last name\"]}}]"
        }
    },
    {
        "model": "admin.logentry",
        "pk": 24,
        "fields": {
            "action_time": "2022-04-04T12:17:40.050",
            "user": 1,
            "content_type": 30,
            "object_id": "1",
            "object_repr": "user@mail.ru",
            "action_flag": 1,
            "change_message": "[{\"added\": {}}]"
        }
    },
    {
        "model": "admin.logentry",
        "pk": 25,
        "fields": {
            "action_time": "2022-04-04T12:22:35.305",
            "user": 1,
            "content_type": 3,
            "object_id": "1",
            "object_repr": "admin",
            "action_flag": 2,
            "change_message": "[{\"changed\": {\"fields\": [\"First name\", \"Last name\"]}}]"
        }
    },
    {
        "model": "admin.logentry",
        "pk": 26,
        "fields": {
            "action_time": "2022-04-04T12:58:47.436",
            "user": 1,
            "content_type": 3,
            "object_id": "1",
            "object_repr": "admin",
            "action_flag": 2,
            "change_message": "[{\"changed\": {\"fields\": [\"Email address\"]}}]"
        }
    },
    {
        "model": "admin.logentry",
        "pk": 27,
        "fields": {
            "action_time": "2022-04-04T12:59:13.525",
            "user": 1,
            "content_type": 30,
            "object_id": "2",
            "object_repr": "admin@mail.ru",
            "action_flag": 1,
            "change_message": "[{\"added\": {}}]"
        }
    },
    {
        "model": "admin.logentry",
        "pk": 28,
        "fields": {
            "action_time": "2022-04-04T13:04:43.358",
            "user": 1,
            "content_type": 3,
            "object_id": "1",
            "object_repr": "admin",
            "action_flag": 2,
            "change_message": "[{\"changed\": {\"fields\": [\"Groups\", \"User permissions\"]}}]"
        }
    },
    {
        "model": "admin.logentry",
        "pk": 29,
        "fields": {
            "action_time": "2022-04-04T14:10:23.125",
            "user": 1,
            "content_type": 2,
            "object_id": "4",
            "object_repr": "Лаборант",
            "action_flag": 2,
            "change_message": "[{\"changed\": {\"fields\": [\"Permissions\"]}}]"
        }
    },
    {
        "model": "admin.logentry",
        "pk": 30,
        "fields": {
            "action_time": "2022-04-04T14:13:31.205",
            "user": 1,
            "content_type": 3,
            "object_id": "3",
            "object_repr": "director",
            "action_flag": 2,
            "change_message": "[{\"changed\": {\"fields\": [\"Email address\"]}}]"
        }
    },
    {
        "model": "admin.logentry",
        "pk": 31,
        "fields": {
            "action_time": "2022-04-04T14:13:52.659",
            "user": 1,
            "content_type": 30,
            "object_id": "3",
            "object_repr": "mail@mail.com",
            "action_flag": 1,
            "change_message": "[{\"added\": {}}]"
        }
    },
    {
        "model": "admin.logentry",
        "pk": 32,
        "fields": {
            "action_time": "2022-04-04T15:26:21.859",
            "user": 1,
            "content_type": 3,
            "object_id": "4",
            "object_repr": "unit1_head",
            "action_flag": 2,
            "change_message": "[{\"changed\": {\"fields\": [\"First name\", \"Last name\", \"Email address\"]}}]"
        }
    },
    {
        "model": "admin.logentry",
        "pk": 33,
        "fields": {
            "action_time": "2022-04-04T15:26:39.606",
            "user": 1,
            "content_type": 30,
            "object_id": "4",
            "object_repr": "john@mail.com",
            "action_flag": 1,
            "change_message": "[{\"added\": {}}]"
        }
    },
    {
        "model": "admin.logentry",
        "pk": 34,
        "fields": {
            "action_time": "2022-04-12T13:01:27.264",
            "user": 1,
            "content_type": 2,
            "object_id": "4",
            "object_repr": "Лаборант",
            "action_flag": 2,
            "change_message": "[]"
        }
    },
    {
        "model": "admin.logentry",
        "pk": 35,
        "fields": {
            "action_time": "2022-04-12T13:01:40.389",
            "user": 1,
            "content_type": 2,
            "object_id": "1",
            "object_repr": "Топ менеджмент",
            "action_flag": 2,
            "change_message": "[{\"changed\": {\"fields\": [\"Permissions\"]}}]"
        }
    },
    {
        "model": "admin.logentry",
        "pk": 36,
        "fields": {
            "action_time": "2022-04-12T13:01:52.052",
            "user": 1,
            "content_type": 2,
            "object_id": "3",
            "object_repr": "Начальник установки",
            "action_flag": 2,
            "change_message": "[{\"changed\": {\"fields\": [\"Permissions\"]}}]"
        }
    },
    {
        "model": "admin.logentry",
        "pk": 37,
        "fields": {
            "action_time": "2022-04-12T13:01:59.257",
            "user": 1,
            "content_type": 2,
            "object_id": "2",
            "object_repr": "Сотрудники",
            "action_flag": 2,
            "change_message": "[{\"changed\": {\"fields\": [\"Permissions\"]}}]"
        }
    },
    {
        "model": "admin.logentry",
        "pk": 38,
        "fields": {
            "action_time": "2022-04-15T15:07:45.785",
            "user": 1,
            "content_type": 3,
            "object_id": "1",
            "object_repr": "admin",
            "action_flag": 2,
            "change_message": "[{\"changed\": {\"fields\": [\"User permissions\"]}}]"
        }
    },
    {
        "model": "admin.logentry",
        "pk": 39,
        "fields": {
            "action_time": "2022-04-15T15:10:42.425",
            "user": 1,
            "content_type": 3,
            "object_id": "1",
            "object_repr": "admin",
            "action_flag": 2,
            "change_message": "[{\"changed\": {\"fields\": [\"User permissions\"]}}]"
        }
    },
    {
        "model": "admin.logentry",
        "pk": 40,
        "fields": {
            "action_time": "2022-04-15T15:11:32.135",
            "user": 1,
            "content_type": 2,
            "object_id": "1",
            "object_repr": "Топ менеджмент",
            "action_flag": 2,
            "change_message": "[{\"changed\": {\"fields\": [\"Permissions\"]}}]"
        }
    },
    {
        "model": "admin.logentry",
        "pk": 41,
        "fields": {
            "action_time": "2022-04-15T15:11:58.652",
            "user": 1,
            "content_type": 2,
            "object_id": "3",
            "object_repr": "Начальник установки",
            "action_flag": 2,
            "change_message": "[{\"changed\": {\"fields\": [\"Permissions\"]}}]"
        }
    },
    {
        "model": "admin.logentry",
        "pk": 42,
        "fields": {
            "action_time": "2022-04-15T15:12:29.939",
            "user": 1,
            "content_type": 2,
            "object_id": "2",
            "object_repr": "Сотрудники",
            "action_flag": 2,
            "change_message": "[{\"changed\": {\"fields\": [\"Permissions\"]}}]"
        }
    },
    {
        "model": "admin.logentry",
        "pk": 43,
        "fields": {
            "action_time": "2022-04-15T15:35:34.845",
            "user": 1,
            "content_type": 2,
            "object_id": "1",
            "object_repr": "Топ менеджмент",
            "action_flag": 2,
            "change_message": "[{\"changed\": {\"fields\": [\"Permissions\"]}}]"
        }
    },
    {
        "model": "admin.logentry",
        "pk": 44,
        "fields": {
            "action_time": "2022-04-15T15:35:48.979",
            "user": 1,
            "content_type": 2,
            "object_id": "3",
            "object_repr": "Начальник установки",
            "action_flag": 2,
            "change_message": "[{\"changed\": {\"fields\": [\"Permissions\"]}}]"
        }
    },
    {
        "model": "admin.logentry",
        "pk": 45,
        "fields": {
            "action_time": "2022-04-15T15:35:56.115",
            "user": 1,
            "content_type": 2,
            "object_id": "2",
            "object_repr": "Сотрудники",
            "action_flag": 2,
            "change_message": "[{\"changed\": {\"fields\": [\"Permissions\"]}}]"
        }
    },
    {
        "model": "admin.logentry",
        "pk": 46,
        "fields": {
            "action_time": "2022-04-18T12:29:38.416",
            "user": 1,
            "content_type": 37,
            "object_id": "19",
            "object_repr": "Task object (19)",
            "action_flag": 2,
            "change_message": "[{\"changed\": {\"fields\": [\"\\u0418\\u0441\\u043f\\u043e\\u043b\\u043d\\u0438\\u0442\\u0435\\u043b\\u044c\"]}}]"
        }
    },
    {
        "model": "admin.logentry",
        "pk": 47,
        "fields": {
            "action_time": "2022-04-18T12:30:54.662",
            "user": 1,
            "content_type": 37,
            "object_id": "18",
            "object_repr": "Task object (18)",
            "action_flag": 2,
            "change_message": "[]"
        }
    },
    {
        "model": "admin.logentry",
        "pk": 48,
        "fields": {
            "action_time": "2022-04-18T12:32:49.590",
            "user": 1,
            "content_type": 37,
            "object_id": "14",
            "object_repr": "Task object (14)",
            "action_flag": 2,
            "change_message": "[{\"changed\": {\"fields\": [\"\\u0418\\u0441\\u043f\\u043e\\u043b\\u043d\\u0438\\u0442\\u0435\\u043b\\u044c\"]}}]"
        }
    },
    {
        "model": "admin.logentry",
        "pk": 49,
        "fields": {
            "action_time": "2022-04-18T12:47:14.253",
            "user": 1,
            "content_type": 37,
            "object_id": "12",
            "object_repr": "Task object (12)",
            "action_flag": 2,
            "change_message": "[{\"changed\": {\"fields\": [\"\\u0418\\u0441\\u043f\\u043e\\u043b\\u043d\\u0438\\u0442\\u0435\\u043b\\u044c\"]}}]"
        }
    },
    {
        "model": "admin.logentry",
        "pk": 50,
        "fields": {
            "action_time": "2022-04-18T12:59:37.846",
            "user": 1,
            "content_type": 37,
            "object_id": "1",
            "object_repr": "Task object (1)",
            "action_flag": 2,
            "change_message": "[{\"changed\": {\"fields\": [\"\\u0418\\u0441\\u043f\\u043e\\u043b\\u043d\\u0438\\u0442\\u0435\\u043b\\u044c\"]}}]"
        }
    },
    {
        "model": "admin.logentry",
        "pk": 51,
        "fields": {
            "action_time": "2022-04-18T13:13:34.112",
            "user": 1,
            "content_type": 37,
            "object_id": "1",
            "object_repr": "Task object (1)",
            "action_flag": 2,
            "change_message": "[]"
        }
    },
    {
        "model": "admin.logentry",
        "pk": 52,
        "fields": {
            "action_time": "2022-04-22T11:38:22.619",
            "user": 1,
            "content_type": 8,
            "object_id": "6",
            "object_repr": "Аналитическая точка насосов Р-01А/В/С/Д",
            "action_flag": 2,
            "change_message": "[{\"changed\": {\"fields\": [\"Water type\"]}}]"
        }
    },
    {
        "model": "auth.permission",
        "pk": 1,
        "fields": {
            "name": "Can add permission",
            "content_type": 1,
            "codename": "add_permission"
        }
    },
    {
        "model": "auth.permission",
        "pk": 2,
        "fields": {
            "name": "Can change permission",
            "content_type": 1,
            "codename": "change_permission"
        }
    },
    {
        "model": "auth.permission",
        "pk": 3,
        "fields": {
            "name": "Can delete permission",
            "content_type": 1,
            "codename": "delete_permission"
        }
    },
    {
        "model": "auth.permission",
        "pk": 4,
        "fields": {
            "name": "Can view permission",
            "content_type": 1,
            "codename": "view_permission"
        }
    },
    {
        "model": "auth.permission",
        "pk": 5,
        "fields": {
            "name": "Can add group",
            "content_type": 2,
            "codename": "add_group"
        }
    },
    {
        "model": "auth.permission",
        "pk": 6,
        "fields": {
            "name": "Can change group",
            "content_type": 2,
            "codename": "change_group"
        }
    },
    {
        "model": "auth.permission",
        "pk": 7,
        "fields": {
            "name": "Can delete group",
            "content_type": 2,
            "codename": "delete_group"
        }
    },
    {
        "model": "auth.permission",
        "pk": 8,
        "fields": {
            "name": "Can view group",
            "content_type": 2,
            "codename": "view_group"
        }
    },
    {
        "model": "auth.permission",
        "pk": 9,
        "fields": {
            "name": "Can add user",
            "content_type": 3,
            "codename": "add_user"
        }
    },
    {
        "model": "auth.permission",
        "pk": 10,
        "fields": {
            "name": "Can change user",
            "content_type": 3,
            "codename": "change_user"
        }
    },
    {
        "model": "auth.permission",
        "pk": 11,
        "fields": {
            "name": "Can delete user",
            "content_type": 3,
            "codename": "delete_user"
        }
    },
    {
        "model": "auth.permission",
        "pk": 12,
        "fields": {
            "name": "Can view user",
            "content_type": 3,
            "codename": "view_user"
        }
    },
    {
        "model": "auth.permission",
        "pk": 13,
        "fields": {
            "name": "Can add content type",
            "content_type": 4,
            "codename": "add_contenttype"
        }
    },
    {
        "model": "auth.permission",
        "pk": 14,
        "fields": {
            "name": "Can change content type",
            "content_type": 4,
            "codename": "change_contenttype"
        }
    },
    {
        "model": "auth.permission",
        "pk": 15,
        "fields": {
            "name": "Can delete content type",
            "content_type": 4,
            "codename": "delete_contenttype"
        }
    },
    {
        "model": "auth.permission",
        "pk": 16,
        "fields": {
            "name": "Can view content type",
            "content_type": 4,
            "codename": "view_contenttype"
        }
    },
    {
        "model": "auth.permission",
        "pk": 17,
        "fields": {
            "name": "Can add component",
            "content_type": 5,
            "codename": "add_component"
        }
    },
    {
        "model": "auth.permission",
        "pk": 18,
        "fields": {
            "name": "Can change component",
            "content_type": 5,
            "codename": "change_component"
        }
    },
    {
        "model": "auth.permission",
        "pk": 19,
        "fields": {
            "name": "Can delete component",
            "content_type": 5,
            "codename": "delete_component"
        }
    },
    {
        "model": "auth.permission",
        "pk": 20,
        "fields": {
            "name": "Can view component",
            "content_type": 5,
            "codename": "view_component"
        }
    },
    {
        "model": "auth.permission",
        "pk": 21,
        "fields": {
            "name": "Can add notification",
            "content_type": 6,
            "codename": "add_notification"
        }
    },
    {
        "model": "auth.permission",
        "pk": 22,
        "fields": {
            "name": "Can change notification",
            "content_type": 6,
            "codename": "change_notification"
        }
    },
    {
        "model": "auth.permission",
        "pk": 23,
        "fields": {
            "name": "Can delete notification",
            "content_type": 6,
            "codename": "delete_notification"
        }
    },
    {
        "model": "auth.permission",
        "pk": 24,
        "fields": {
            "name": "Can view notification",
            "content_type": 6,
            "codename": "view_notification"
        }
    },
    {
        "model": "auth.permission",
        "pk": 25,
        "fields": {
            "name": "Can add Установка",
            "content_type": 7,
            "codename": "add_plantunit"
        }
    },
    {
        "model": "auth.permission",
        "pk": 26,
        "fields": {
            "name": "Can change Установка",
            "content_type": 7,
            "codename": "change_plantunit"
        }
    },
    {
        "model": "auth.permission",
        "pk": 27,
        "fields": {
            "name": "Can delete Установка",
            "content_type": 7,
            "codename": "delete_plantunit"
        }
    },
    {
        "model": "auth.permission",
        "pk": 28,
        "fields": {
            "name": "Can view Установка",
            "content_type": 7,
            "codename": "view_plantunit"
        }
    },
    {
        "model": "auth.permission",
        "pk": 29,
        "fields": {
            "name": "Can add Место отбора проб",
            "content_type": 8,
            "codename": "add_samplingsite"
        }
    },
    {
        "model": "auth.permission",
        "pk": 30,
        "fields": {
            "name": "Can change Место отбора проб",
            "content_type": 8,
            "codename": "change_samplingsite"
        }
    },
    {
        "model": "auth.permission",
        "pk": 31,
        "fields": {
            "name": "Can delete Место отбора проб",
            "content_type": 8,
            "codename": "delete_samplingsite"
        }
    },
    {
        "model": "auth.permission",
        "pk": 32,
        "fields": {
            "name": "Can view Место отбора проб",
            "content_type": 8,
            "codename": "view_samplingsite"
        }
    },
    {
        "model": "auth.permission",
        "pk": 33,
        "fields": {
            "name": "Can add task",
            "content_type": 9,
            "codename": "add_task"
        }
    },
    {
        "model": "auth.permission",
        "pk": 34,
        "fields": {
            "name": "Can change task",
            "content_type": 9,
            "codename": "change_task"
        }
    },
    {
        "model": "auth.permission",
        "pk": 35,
        "fields": {
            "name": "Can delete task",
            "content_type": 9,
            "codename": "delete_task"
        }
    },
    {
        "model": "auth.permission",
        "pk": 36,
        "fields": {
            "name": "Can view task",
            "content_type": 9,
            "codename": "view_task"
        }
    },
    {
        "model": "auth.permission",
        "pk": 37,
        "fields": {
            "name": "Can add water type",
            "content_type": 10,
            "codename": "add_watertype"
        }
    },
    {
        "model": "auth.permission",
        "pk": 38,
        "fields": {
            "name": "Can change water type",
            "content_type": 10,
            "codename": "change_watertype"
        }
    },
    {
        "model": "auth.permission",
        "pk": 39,
        "fields": {
            "name": "Can delete water type",
            "content_type": 10,
            "codename": "delete_watertype"
        }
    },
    {
        "model": "auth.permission",
        "pk": 40,
        "fields": {
            "name": "Can view water type",
            "content_type": 10,
            "codename": "view_watertype"
        }
    },
    {
        "model": "auth.permission",
        "pk": 45,
        "fields": {
            "name": "Can add components site9",
            "content_type": 12,
            "codename": "add_componentssite9"
        }
    },
    {
        "model": "auth.permission",
        "pk": 46,
        "fields": {
            "name": "Can change components site9",
            "content_type": 12,
            "codename": "change_componentssite9"
        }
    },
    {
        "model": "auth.permission",
        "pk": 47,
        "fields": {
            "name": "Can delete components site9",
            "content_type": 12,
            "codename": "delete_componentssite9"
        }
    },
    {
        "model": "auth.permission",
        "pk": 48,
        "fields": {
            "name": "Can view components site9",
            "content_type": 12,
            "codename": "view_componentssite9"
        }
    },
    {
        "model": "auth.permission",
        "pk": 49,
        "fields": {
            "name": "Can add components site8",
            "content_type": 13,
            "codename": "add_componentssite8"
        }
    },
    {
        "model": "auth.permission",
        "pk": 50,
        "fields": {
            "name": "Can change components site8",
            "content_type": 13,
            "codename": "change_componentssite8"
        }
    },
    {
        "model": "auth.permission",
        "pk": 51,
        "fields": {
            "name": "Can delete components site8",
            "content_type": 13,
            "codename": "delete_componentssite8"
        }
    },
    {
        "model": "auth.permission",
        "pk": 52,
        "fields": {
            "name": "Can view components site8",
            "content_type": 13,
            "codename": "view_componentssite8"
        }
    },
    {
        "model": "auth.permission",
        "pk": 53,
        "fields": {
            "name": "Can add components site7",
            "content_type": 14,
            "codename": "add_componentssite7"
        }
    },
    {
        "model": "auth.permission",
        "pk": 54,
        "fields": {
            "name": "Can change components site7",
            "content_type": 14,
            "codename": "change_componentssite7"
        }
    },
    {
        "model": "auth.permission",
        "pk": 55,
        "fields": {
            "name": "Can delete components site7",
            "content_type": 14,
            "codename": "delete_componentssite7"
        }
    },
    {
        "model": "auth.permission",
        "pk": 56,
        "fields": {
            "name": "Can view components site7",
            "content_type": 14,
            "codename": "view_componentssite7"
        }
    },
    {
        "model": "auth.permission",
        "pk": 57,
        "fields": {
            "name": "Can add components site6",
            "content_type": 15,
            "codename": "add_componentssite6"
        }
    },
    {
        "model": "auth.permission",
        "pk": 58,
        "fields": {
            "name": "Can change components site6",
            "content_type": 15,
            "codename": "change_componentssite6"
        }
    },
    {
        "model": "auth.permission",
        "pk": 59,
        "fields": {
            "name": "Can delete components site6",
            "content_type": 15,
            "codename": "delete_componentssite6"
        }
    },
    {
        "model": "auth.permission",
        "pk": 60,
        "fields": {
            "name": "Can view components site6",
            "content_type": 15,
            "codename": "view_componentssite6"
        }
    },
    {
        "model": "auth.permission",
        "pk": 61,
        "fields": {
            "name": "Can add components site5",
            "content_type": 16,
            "codename": "add_componentssite5"
        }
    },
    {
        "model": "auth.permission",
        "pk": 62,
        "fields": {
            "name": "Can change components site5",
            "content_type": 16,
            "codename": "change_componentssite5"
        }
    },
    {
        "model": "auth.permission",
        "pk": 63,
        "fields": {
            "name": "Can delete components site5",
            "content_type": 16,
            "codename": "delete_componentssite5"
        }
    },
    {
        "model": "auth.permission",
        "pk": 64,
        "fields": {
            "name": "Can view components site5",
            "content_type": 16,
            "codename": "view_componentssite5"
        }
    },
    {
        "model": "auth.permission",
        "pk": 65,
        "fields": {
            "name": "Can add components site4",
            "content_type": 17,
            "codename": "add_componentssite4"
        }
    },
    {
        "model": "auth.permission",
        "pk": 66,
        "fields": {
            "name": "Can change components site4",
            "content_type": 17,
            "codename": "change_componentssite4"
        }
    },
    {
        "model": "auth.permission",
        "pk": 67,
        "fields": {
            "name": "Can delete components site4",
            "content_type": 17,
            "codename": "delete_componentssite4"
        }
    },
    {
        "model": "auth.permission",
        "pk": 68,
        "fields": {
            "name": "Can view components site4",
            "content_type": 17,
            "codename": "view_componentssite4"
        }
    },
    {
        "model": "auth.permission",
        "pk": 69,
        "fields": {
            "name": "Can add components site3",
            "content_type": 18,
            "codename": "add_componentssite3"
        }
    },
    {
        "model": "auth.permission",
        "pk": 70,
        "fields": {
            "name": "Can change components site3",
            "content_type": 18,
            "codename": "change_componentssite3"
        }
    },
    {
        "model": "auth.permission",
        "pk": 71,
        "fields": {
            "name": "Can delete components site3",
            "content_type": 18,
            "codename": "delete_componentssite3"
        }
    },
    {
        "model": "auth.permission",
        "pk": 72,
        "fields": {
            "name": "Can view components site3",
            "content_type": 18,
            "codename": "view_componentssite3"
        }
    },
    {
        "model": "auth.permission",
        "pk": 73,
        "fields": {
            "name": "Can add components site2",
            "content_type": 19,
            "codename": "add_componentssite2"
        }
    },
    {
        "model": "auth.permission",
        "pk": 74,
        "fields": {
            "name": "Can change components site2",
            "content_type": 19,
            "codename": "change_componentssite2"
        }
    },
    {
        "model": "auth.permission",
        "pk": 75,
        "fields": {
            "name": "Can delete components site2",
            "content_type": 19,
            "codename": "delete_componentssite2"
        }
    },
    {
        "model": "auth.permission",
        "pk": 76,
        "fields": {
            "name": "Can view components site2",
            "content_type": 19,
            "codename": "view_componentssite2"
        }
    },
    {
        "model": "auth.permission",
        "pk": 77,
        "fields": {
            "name": "Can add components site14",
            "content_type": 20,
            "codename": "add_componentssite14"
        }
    },
    {
        "model": "auth.permission",
        "pk": 78,
        "fields": {
            "name": "Can change components site14",
            "content_type": 20,
            "codename": "change_componentssite14"
        }
    },
    {
        "model": "auth.permission",
        "pk": 79,
        "fields": {
            "name": "Can delete components site14",
            "content_type": 20,
            "codename": "delete_componentssite14"
        }
    },
    {
        "model": "auth.permission",
        "pk": 80,
        "fields": {
            "name": "Can view components site14",
            "content_type": 20,
            "codename": "view_componentssite14"
        }
    },
    {
        "model": "auth.permission",
        "pk": 81,
        "fields": {
            "name": "Can add components site13",
            "content_type": 21,
            "codename": "add_componentssite13"
        }
    },
    {
        "model": "auth.permission",
        "pk": 82,
        "fields": {
            "name": "Can change components site13",
            "content_type": 21,
            "codename": "change_componentssite13"
        }
    },
    {
        "model": "auth.permission",
        "pk": 83,
        "fields": {
            "name": "Can delete components site13",
            "content_type": 21,
            "codename": "delete_componentssite13"
        }
    },
    {
        "model": "auth.permission",
        "pk": 84,
        "fields": {
            "name": "Can view components site13",
            "content_type": 21,
            "codename": "view_componentssite13"
        }
    },
    {
        "model": "auth.permission",
        "pk": 85,
        "fields": {
            "name": "Can add components site12",
            "content_type": 22,
            "codename": "add_componentssite12"
        }
    },
    {
        "model": "auth.permission",
        "pk": 86,
        "fields": {
            "name": "Can change components site12",
            "content_type": 22,
            "codename": "change_componentssite12"
        }
    },
    {
        "model": "auth.permission",
        "pk": 87,
        "fields": {
            "name": "Can delete components site12",
            "content_type": 22,
            "codename": "delete_componentssite12"
        }
    },
    {
        "model": "auth.permission",
        "pk": 88,
        "fields": {
            "name": "Can view components site12",
            "content_type": 22,
            "codename": "view_componentssite12"
        }
    },
    {
        "model": "auth.permission",
        "pk": 89,
        "fields": {
            "name": "Can add components site11",
            "content_type": 23,
            "codename": "add_componentssite11"
        }
    },
    {
        "model": "auth.permission",
        "pk": 90,
        "fields": {
            "name": "Can change components site11",
            "content_type": 23,
            "codename": "change_componentssite11"
        }
    },
    {
        "model": "auth.permission",
        "pk": 91,
        "fields": {
            "name": "Can delete components site11",
            "content_type": 23,
            "codename": "delete_componentssite11"
        }
    },
    {
        "model": "auth.permission",
        "pk": 92,
        "fields": {
            "name": "Can view components site11",
            "content_type": 23,
            "codename": "view_componentssite11"
        }
    },
    {
        "model": "auth.permission",
        "pk": 93,
        "fields": {
            "name": "Can add components site10",
            "content_type": 24,
            "codename": "add_componentssite10"
        }
    },
    {
        "model": "auth.permission",
        "pk": 94,
        "fields": {
            "name": "Can change components site10",
            "content_type": 24,
            "codename": "change_componentssite10"
        }
    },
    {
        "model": "auth.permission",
        "pk": 95,
        "fields": {
            "name": "Can delete components site10",
            "content_type": 24,
            "codename": "delete_componentssite10"
        }
    },
    {
        "model": "auth.permission",
        "pk": 96,
        "fields": {
            "name": "Can view components site10",
            "content_type": 24,
            "codename": "view_componentssite10"
        }
    },
    {
        "model": "auth.permission",
        "pk": 97,
        "fields": {
            "name": "Can add components site1",
            "content_type": 25,
            "codename": "add_componentssite1"
        }
    },
    {
        "model": "auth.permission",
        "pk": 98,
        "fields": {
            "name": "Can change components site1",
            "content_type": 25,
            "codename": "change_componentssite1"
        }
    },
    {
        "model": "auth.permission",
        "pk": 99,
        "fields": {
            "name": "Can delete components site1",
            "content_type": 25,
            "codename": "delete_componentssite1"
        }
    },
    {
        "model": "auth.permission",
        "pk": 100,
        "fields": {
            "name": "Can view components site1",
            "content_type": 25,
            "codename": "view_componentssite1"
        }
    },
    {
        "model": "auth.permission",
        "pk": 101,
        "fields": {
            "name": "Can add log entry",
            "content_type": 26,
            "codename": "add_logentry"
        }
    },
    {
        "model": "auth.permission",
        "pk": 102,
        "fields": {
            "name": "Can change log entry",
            "content_type": 26,
            "codename": "change_logentry"
        }
    },
    {
        "model": "auth.permission",
        "pk": 103,
        "fields": {
            "name": "Can delete log entry",
            "content_type": 26,
            "codename": "delete_logentry"
        }
    },
    {
        "model": "auth.permission",
        "pk": 104,
        "fields": {
            "name": "Can view log entry",
            "content_type": 26,
            "codename": "view_logentry"
        }
    },
    {
        "model": "auth.permission",
        "pk": 105,
        "fields": {
            "name": "Can add session",
            "content_type": 27,
            "codename": "add_session"
        }
    },
    {
        "model": "auth.permission",
        "pk": 106,
        "fields": {
            "name": "Can change session",
            "content_type": 27,
            "codename": "change_session"
        }
    },
    {
        "model": "auth.permission",
        "pk": 107,
        "fields": {
            "name": "Can delete session",
            "content_type": 27,
            "codename": "delete_session"
        }
    },
    {
        "model": "auth.permission",
        "pk": 108,
        "fields": {
            "name": "Can view session",
            "content_type": 27,
            "codename": "view_session"
        }
    },
    {
        "model": "auth.permission",
        "pk": 109,
        "fields": {
            "name": "Can add customers",
            "content_type": 28,
            "codename": "add_customers"
        }
    },
    {
        "model": "auth.permission",
        "pk": 110,
        "fields": {
            "name": "Can change customers",
            "content_type": 28,
            "codename": "change_customers"
        }
    },
    {
        "model": "auth.permission",
        "pk": 111,
        "fields": {
            "name": "Can delete customers",
            "content_type": 28,
            "codename": "delete_customers"
        }
    },
    {
        "model": "auth.permission",
        "pk": 112,
        "fields": {
            "name": "Can view customers",
            "content_type": 28,
            "codename": "view_customers"
        }
    },
    {
        "model": "auth.permission",
        "pk": 113,
        "fields": {
            "name": "Can add site",
            "content_type": 29,
            "codename": "add_site"
        }
    },
    {
        "model": "auth.permission",
        "pk": 114,
        "fields": {
            "name": "Can change site",
            "content_type": 29,
            "codename": "change_site"
        }
    },
    {
        "model": "auth.permission",
        "pk": 115,
        "fields": {
            "name": "Can delete site",
            "content_type": 29,
            "codename": "delete_site"
        }
    },
    {
        "model": "auth.permission",
        "pk": 116,
        "fields": {
            "name": "Can view site",
            "content_type": 29,
            "codename": "view_site"
        }
    },
    {
        "model": "auth.permission",
        "pk": 117,
        "fields": {
            "name": "Can add email address",
            "content_type": 30,
            "codename": "add_emailaddress"
        }
    },
    {
        "model": "auth.permission",
        "pk": 118,
        "fields": {
            "name": "Can change email address",
            "content_type": 30,
            "codename": "change_emailaddress"
        }
    },
    {
        "model": "auth.permission",
        "pk": 119,
        "fields": {
            "name": "Can delete email address",
            "content_type": 30,
            "codename": "delete_emailaddress"
        }
    },
    {
        "model": "auth.permission",
        "pk": 120,
        "fields": {
            "name": "Can view email address",
            "content_type": 30,
            "codename": "view_emailaddress"
        }
    },
    {
        "model": "auth.permission",
        "pk": 121,
        "fields": {
            "name": "Can add email confirmation",
            "content_type": 31,
            "codename": "add_emailconfirmation"
        }
    },
    {
        "model": "auth.permission",
        "pk": 122,
        "fields": {
            "name": "Can change email confirmation",
            "content_type": 31,
            "codename": "change_emailconfirmation"
        }
    },
    {
        "model": "auth.permission",
        "pk": 123,
        "fields": {
            "name": "Can delete email confirmation",
            "content_type": 31,
            "codename": "delete_emailconfirmation"
        }
    },
    {
        "model": "auth.permission",
        "pk": 124,
        "fields": {
            "name": "Can view email confirmation",
            "content_type": 31,
            "codename": "view_emailconfirmation"
        }
    },
    {
        "model": "auth.permission",
        "pk": 125,
        "fields": {
            "name": "Can add social account",
            "content_type": 32,
            "codename": "add_socialaccount"
        }
    },
    {
        "model": "auth.permission",
        "pk": 126,
        "fields": {
            "name": "Can change social account",
            "content_type": 32,
            "codename": "change_socialaccount"
        }
    },
    {
        "model": "auth.permission",
        "pk": 127,
        "fields": {
            "name": "Can delete social account",
            "content_type": 32,
            "codename": "delete_socialaccount"
        }
    },
    {
        "model": "auth.permission",
        "pk": 128,
        "fields": {
            "name": "Can view social account",
            "content_type": 32,
            "codename": "view_socialaccount"
        }
    },
    {
        "model": "auth.permission",
        "pk": 129,
        "fields": {
            "name": "Can add social application",
            "content_type": 33,
            "codename": "add_socialapp"
        }
    },
    {
        "model": "auth.permission",
        "pk": 130,
        "fields": {
            "name": "Can change social application",
            "content_type": 33,
            "codename": "change_socialapp"
        }
    },
    {
        "model": "auth.permission",
        "pk": 131,
        "fields": {
            "name": "Can delete social application",
            "content_type": 33,
            "codename": "delete_socialapp"
        }
    },
    {
        "model": "auth.permission",
        "pk": 132,
        "fields": {
            "name": "Can view social application",
            "content_type": 33,
            "codename": "view_socialapp"
        }
    },
    {
        "model": "auth.permission",
        "pk": 133,
        "fields": {
            "name": "Can add social application token",
            "content_type": 34,
            "codename": "add_socialtoken"
        }
    },
    {
        "model": "auth.permission",
        "pk": 134,
        "fields": {
            "name": "Can change social application token",
            "content_type": 34,
            "codename": "change_socialtoken"
        }
    },
    {
        "model": "auth.permission",
        "pk": 135,
        "fields": {
            "name": "Can delete social application token",
            "content_type": 34,
            "codename": "delete_socialtoken"
        }
    },
    {
        "model": "auth.permission",
        "pk": 136,
        "fields": {
            "name": "Can view social application token",
            "content_type": 34,
            "codename": "view_socialtoken"
        }
    },
    {
        "model": "auth.permission",
        "pk": 137,
        "fields": {
            "name": "Can add status",
            "content_type": 35,
            "codename": "add_status"
        }
    },
    {
        "model": "auth.permission",
        "pk": 138,
        "fields": {
            "name": "Can change status",
            "content_type": 35,
            "codename": "change_status"
        }
    },
    {
        "model": "auth.permission",
        "pk": 139,
        "fields": {
            "name": "Can delete status",
            "content_type": 35,
            "codename": "delete_status"
        }
    },
    {
        "model": "auth.permission",
        "pk": 140,
        "fields": {
            "name": "Can view status",
            "content_type": 35,
            "codename": "view_status"
        }
    },
    {
        "model": "auth.permission",
        "pk": 141,
        "fields": {
            "name": "Can add profile",
            "content_type": 36,
            "codename": "add_profile"
        }
    },
    {
        "model": "auth.permission",
        "pk": 142,
        "fields": {
            "name": "Can change profile",
            "content_type": 36,
            "codename": "change_profile"
        }
    },
    {
        "model": "auth.permission",
        "pk": 143,
        "fields": {
            "name": "Can delete profile",
            "content_type": 36,
            "codename": "delete_profile"
        }
    },
    {
        "model": "auth.permission",
        "pk": 144,
        "fields": {
            "name": "Can view profile",
            "content_type": 36,
            "codename": "view_profile"
        }
    },
    {
        "model": "auth.permission",
        "pk": 145,
        "fields": {
            "name": "Can add task",
            "content_type": 37,
            "codename": "add_task"
        }
    },
    {
        "model": "auth.permission",
        "pk": 146,
        "fields": {
            "name": "Can change task",
            "content_type": 37,
            "codename": "change_task"
        }
    },
    {
        "model": "auth.permission",
        "pk": 147,
        "fields": {
            "name": "Can delete task",
            "content_type": 37,
            "codename": "delete_task"
        }
    },
    {
        "model": "auth.permission",
        "pk": 148,
        "fields": {
            "name": "Can view task",
            "content_type": 37,
            "codename": "view_task"
        }
    },
    {
        "model": "auth.permission",
        "pk": 149,
        "fields": {
            "name": "Can add comment",
            "content_type": 38,
            "codename": "add_comment"
        }
    },
    {
        "model": "auth.permission",
        "pk": 150,
        "fields": {
            "name": "Can change comment",
            "content_type": 38,
            "codename": "change_comment"
        }
    },
    {
        "model": "auth.permission",
        "pk": 151,
        "fields": {
            "name": "Can delete comment",
            "content_type": 38,
            "codename": "delete_comment"
        }
    },
    {
        "model": "auth.permission",
        "pk": 152,
        "fields": {
            "name": "Can view comment",
            "content_type": 38,
            "codename": "view_comment"
        }
    },
    {
        "model": "auth.permission",
        "pk": 153,
        "fields": {
            "name": "Can add historical task",
            "content_type": 39,
            "codename": "add_historicaltask"
        }
    },
    {
        "model": "auth.permission",
        "pk": 154,
        "fields": {
            "name": "Can change historical task",
            "content_type": 39,
            "codename": "change_historicaltask"
        }
    },
    {
        "model": "auth.permission",
        "pk": 155,
        "fields": {
            "name": "Can delete historical task",
            "content_type": 39,
            "codename": "delete_historicaltask"
        }
    },
    {
        "model": "auth.permission",
        "pk": 156,
        "fields": {
            "name": "Can view historical task",
            "content_type": 39,
            "codename": "view_historicaltask"
        }
    },
    {
        "model": "auth.permission",
        "pk": 157,
        "fields": {
            "name": "Can add changes tracker",
            "content_type": 40,
            "codename": "add_changestracker"
        }
    },
    {
        "model": "auth.permission",
        "pk": 158,
        "fields": {
            "name": "Can change changes tracker",
            "content_type": 40,
            "codename": "change_changestracker"
        }
    },
    {
        "model": "auth.permission",
        "pk": 159,
        "fields": {
            "name": "Can delete changes tracker",
            "content_type": 40,
            "codename": "delete_changestracker"
        }
    },
    {
        "model": "auth.permission",
        "pk": 160,
        "fields": {
            "name": "Can view changes tracker",
            "content_type": 40,
            "codename": "view_changestracker"
        }
    },
    {
        "model": "auth.group",
        "pk": 1,
        "fields": {
            "name": "Топ менеджмент",
            "permissions": [
                20,
                100,
                24,
                28,
                32,
                138,
                140,
                36,
                40,
                149,
                150,
                151,
                152
            ]
        }
    },
    {
        "model": "auth.group",
        "pk": 2,
        "fields": {
            "name": "Сотрудники",
            "permissions": [
                20,
                100,
                24,
                28,
                32,
                138,
                140,
                36,
                40,
                149,
                150,
                151,
                152
            ]
        }
    },
    {
        "model": "auth.group",
        "pk": 3,
        "fields": {
            "name": "Начальник установки",
            "permissions": [
                20,
                100,
                24,
                28,
                32,
                138,
                140,
                33,
                34,
                35,
                36,
                40,
                149,
                150,
                151,
                152
            ]
        }
    },
    {
        "model": "auth.group",
        "pk": 4,
        "fields": {
            "name": "Лаборант",
            "permissions": [
                97
            ]
        }
    },
    {
        "model": "auth.user",
        "pk": 1,
        "fields": {
            "password": "pbkdf2_sha256$320000$eRkAI8jMT2sp5wE9zO26Hn$pKk//3HRTrmrFjWLarNE0uEfjHSy9AHPcshNXzfFOR0=",
            "last_login": "2022-04-22T10:10:56.475",
            "is_superuser": true,
            "username": "admin",
            "first_name": "admin",
            "last_name": "adminov",
            "email": "admin@mail.ru",
            "is_staff": true,
            "is_active": true,
            "date_joined": "2022-03-29T17:34:47",
            "groups": [
                1,
                2,
                3,
                4
            ],
            "user_permissions": [
                117,
                118,
                119,
                120,
                121,
                122,
                123,
                124,
                141,
                142,
                143,
                144,
                101,
                102,
                103,
                104,
                5,
                6,
                7,
                8,
                1,
                2,
                3,
                4,
                9,
                10,
                11,
                12,
                13,
                14,
                15,
                16,
                109,
                110,
                111,
                112,
                17,
                18,
                19,
                20,
                97,
                98,
                99,
                100,
                93,
                94,
                95,
                96,
                89,
                90,
                91,
                92,
                85,
                86,
                87,
                88,
                81,
                82,
                83,
                84,
                77,
                78,
                79,
                80,
                73,
                74,
                75,
                76,
                69,
                70,
                71,
                72,
                65,
                66,
                67,
                68,
                61,
                62,
                63,
                64,
                57,
                58,
                59,
                60,
                53,
                54,
                55,
                56,
                49,
                50,
                51,
                52,
                45,
                46,
                47,
                48,
                21,
                22,
                23,
                24,
                25,
                26,
                27,
                28,
                29,
                30,
                31,
                32,
                137,
                138,
                139,
                140,
                33,
                34,
                35,
                36,
                37,
                38,
                39,
                40,
                105,
                106,
                107,
                108,
                113,
                114,
                115,
                116,
                125,
                126,
                127,
                128,
                129,
                130,
                131,
                132,
                133,
                134,
                135,
                136,
                149,
                150,
                151,
                152
            ]
        }
    },
    {
        "model": "auth.user",
        "pk": 2,
        "fields": {
            "password": "pbkdf2_sha256$320000$Uu360kySw9e5ffs9ws7vIq$9Om+Sl6qokNIFkIFgAtw6OtE8l3i27yVj6etfzSDsys=",
            "last_login": "2022-04-11T16:33:50.460",
            "is_superuser": false,
            "username": "lab_assistant",
            "first_name": "ivan",
            "last_name": "ivanov",
            "email": "user@mail.ru",
            "is_staff": false,
            "is_active": true,
            "date_joined": "2022-04-04T12:11:01",
            "groups": [
                4
            ],
            "user_permissions": []
        }
    },
    {
        "model": "auth.user",
        "pk": 3,
        "fields": {
            "password": "pbkdf2_sha256$320000$Cq1MMIlQSHp0rAKjabFjuH$OULusmdw6D5+qTe7GukJ0dFUU2847wFHb1JsgmkLEz4=",
            "last_login": "2022-04-22T16:05:48.406",
            "is_superuser": false,
            "username": "director",
            "first_name": "Petr",
            "last_name": "Sidorov",
            "email": "ktussupbekov@yahoo.com",
            "is_staff": false,
            "is_active": true,
            "date_joined": "2022-04-04T12:11:27",
            "groups": [
                1
            ],
            "user_permissions": []
        }
    },
    {
        "model": "auth.user",
        "pk": 4,
        "fields": {
            "password": "pbkdf2_sha256$320000$NXYXkmVn8YgSZe7YOYNP1P$9gA/fTIK7IY7YLn0OLRjIyDUTlQ7daHo+BSWWVfsxXA=",
            "last_login": "2022-04-20T18:44:12.772",
            "is_superuser": false,
            "username": "unit1_head",
            "first_name": "John",
            "last_name": "Wick",
            "email": "john@mail.com",
            "is_staff": false,
            "is_active": true,
            "date_joined": "2022-04-04T12:11:53",
            "groups": [
                3
            ],
            "user_permissions": []
        }
    },
    {
        "model": "auth.user",
        "pk": 5,
        "fields": {
            "password": "pbkdf2_sha256$320000$BQnl9vU56YubhjzLFPQqq9$YQ/R5h/smbqGnCv/QYUkcCNtzxl3oikwTMxGnrrC0pw=",
            "last_login": null,
            "is_superuser": false,
            "username": "consultant",
            "first_name": "Bruce",
            "last_name": "Almighty",
            "email": "",
            "is_staff": false,
            "is_active": true,
            "date_joined": "2022-04-04T12:12:19",
            "groups": [
                2
            ],
            "user_permissions": []
        }
    },
    {
        "model": "contenttypes.contenttype",
        "pk": 1,
        "fields": {
            "app_label": "auth",
            "model": "permission"
        }
    },
    {
        "model": "contenttypes.contenttype",
        "pk": 2,
        "fields": {
            "app_label": "auth",
            "model": "group"
        }
    },
    {
        "model": "contenttypes.contenttype",
        "pk": 3,
        "fields": {
            "app_label": "auth",
            "model": "user"
        }
    },
    {
        "model": "contenttypes.contenttype",
        "pk": 4,
        "fields": {
            "app_label": "contenttypes",
            "model": "contenttype"
        }
    },
    {
        "model": "contenttypes.contenttype",
        "pk": 5,
        "fields": {
            "app_label": "projects",
            "model": "component"
        }
    },
    {
        "model": "contenttypes.contenttype",
        "pk": 6,
        "fields": {
            "app_label": "projects",
            "model": "notification"
        }
    },
    {
        "model": "contenttypes.contenttype",
        "pk": 7,
        "fields": {
            "app_label": "projects",
            "model": "plantunit"
        }
    },
    {
        "model": "contenttypes.contenttype",
        "pk": 8,
        "fields": {
            "app_label": "projects",
            "model": "samplingsite"
        }
    },
    {
        "model": "contenttypes.contenttype",
        "pk": 9,
        "fields": {
            "app_label": "projects",
            "model": "task"
        }
    },
    {
        "model": "contenttypes.contenttype",
        "pk": 10,
        "fields": {
            "app_label": "projects",
            "model": "watertype"
        }
    },
    {
        "model": "contenttypes.contenttype",
        "pk": 11,
        "fields": {
            "app_label": "projects",
            "model": "taskassign"
        }
    },
    {
        "model": "contenttypes.contenttype",
        "pk": 12,
        "fields": {
            "app_label": "projects",
            "model": "componentssite9"
        }
    },
    {
        "model": "contenttypes.contenttype",
        "pk": 13,
        "fields": {
            "app_label": "projects",
            "model": "componentssite8"
        }
    },
    {
        "model": "contenttypes.contenttype",
        "pk": 14,
        "fields": {
            "app_label": "projects",
            "model": "componentssite7"
        }
    },
    {
        "model": "contenttypes.contenttype",
        "pk": 15,
        "fields": {
            "app_label": "projects",
            "model": "componentssite6"
        }
    },
    {
        "model": "contenttypes.contenttype",
        "pk": 16,
        "fields": {
            "app_label": "projects",
            "model": "componentssite5"
        }
    },
    {
        "model": "contenttypes.contenttype",
        "pk": 17,
        "fields": {
            "app_label": "projects",
            "model": "componentssite4"
        }
    },
    {
        "model": "contenttypes.contenttype",
        "pk": 18,
        "fields": {
            "app_label": "projects",
            "model": "componentssite3"
        }
    },
    {
        "model": "contenttypes.contenttype",
        "pk": 19,
        "fields": {
            "app_label": "projects",
            "model": "componentssite2"
        }
    },
    {
        "model": "contenttypes.contenttype",
        "pk": 20,
        "fields": {
            "app_label": "projects",
            "model": "componentssite14"
        }
    },
    {
        "model": "contenttypes.contenttype",
        "pk": 21,
        "fields": {
            "app_label": "projects",
            "model": "componentssite13"
        }
    },
    {
        "model": "contenttypes.contenttype",
        "pk": 22,
        "fields": {
            "app_label": "projects",
            "model": "componentssite12"
        }
    },
    {
        "model": "contenttypes.contenttype",
        "pk": 23,
        "fields": {
            "app_label": "projects",
            "model": "componentssite11"
        }
    },
    {
        "model": "contenttypes.contenttype",
        "pk": 24,
        "fields": {
            "app_label": "projects",
            "model": "componentssite10"
        }
    },
    {
        "model": "contenttypes.contenttype",
        "pk": 25,
        "fields": {
            "app_label": "projects",
            "model": "componentssite1"
        }
    },
    {
        "model": "contenttypes.contenttype",
        "pk": 26,
        "fields": {
            "app_label": "admin",
            "model": "logentry"
        }
    },
    {
        "model": "contenttypes.contenttype",
        "pk": 27,
        "fields": {
            "app_label": "sessions",
            "model": "session"
        }
    },
    {
        "model": "contenttypes.contenttype",
        "pk": 28,
        "fields": {
            "app_label": "ecommerce",
            "model": "customers"
        }
    },
    {
        "model": "contenttypes.contenttype",
        "pk": 29,
        "fields": {
            "app_label": "sites",
            "model": "site"
        }
    },
    {
        "model": "contenttypes.contenttype",
        "pk": 30,
        "fields": {
            "app_label": "account",
            "model": "emailaddress"
        }
    },
    {
        "model": "contenttypes.contenttype",
        "pk": 31,
        "fields": {
            "app_label": "account",
            "model": "emailconfirmation"
        }
    },
    {
        "model": "contenttypes.contenttype",
        "pk": 32,
        "fields": {
            "app_label": "socialaccount",
            "model": "socialaccount"
        }
    },
    {
        "model": "contenttypes.contenttype",
        "pk": 33,
        "fields": {
            "app_label": "socialaccount",
            "model": "socialapp"
        }
    },
    {
        "model": "contenttypes.contenttype",
        "pk": 34,
        "fields": {
            "app_label": "socialaccount",
            "model": "socialtoken"
        }
    },
    {
        "model": "contenttypes.contenttype",
        "pk": 35,
        "fields": {
            "app_label": "projects",
            "model": "status"
        }
    },
    {
        "model": "contenttypes.contenttype",
        "pk": 36,
        "fields": {
            "app_label": "accounts",
            "model": "profile"
        }
    },
    {
        "model": "contenttypes.contenttype",
        "pk": 37,
        "fields": {
            "app_label": "tasks",
            "model": "task"
        }
    },
    {
        "model": "contenttypes.contenttype",
        "pk": 38,
        "fields": {
            "app_label": "tasks",
            "model": "comment"
        }
    },
    {
        "model": "contenttypes.contenttype",
        "pk": 39,
        "fields": {
            "app_label": "tasks",
            "model": "historicaltask"
        }
    },
    {
        "model": "contenttypes.contenttype",
        "pk": 40,
        "fields": {
            "app_label": "tasks",
            "model": "changestracker"
        }
    },
    {
        "model": "sessions.session",
        "pk": "5i515aigbcebmidv85mgeqjjpcizhee4",
        "fields": {
            "session_data": ".eJxVjMsOwiAQRf-FtSG8hLZL934DAWbGogaa0iYa479rky50e8-558V8WJfRrw1nn4ENTLPD7xZDumHZAFxDuVSealnmHPmm8J02fq6A99Pu_gXG0MbvG61L2lkDmII8SjJSJwVWEEhSrrfKGKeF6yAiSkWi0wFIyZ507C3ZuEUbtpZr8fiY8vxkg3h_AIYoPxU:1nhqAe:YQ0bWOOYbCsCncOZiTt3GDwh0EJkSsw8T9LuUKuqrow",
            "expire_date": "2022-05-06T16:05:48.407"
        }
    },
    {
        "model": "sessions.session",
        "pk": "5tdg7zxreio8i6gvghckei74qnl6wrmk",
        "fields": {
            "session_data": ".eJxVjEsOwjAMBe-SNYrycb9L9pwhcm2XBlCCmlYCIe4OlbqA7Zt581IB12UKa5E5RFa9surwuw1IV0kb4Aumc9aU0zLHQW-K3mnRp8xyO-7uX2DCMn3fvm4aEsMOPHhLxkpLZkSPziET29q2IANDBdCRc64zjsYKbN2KGKRqixYpJeYU5HGP81P15v0Bcmk-vg:1nbJ7w:zdoktHEAmjH2I6Ny7xuRFUwAdWEC4KnsGT8E3UC-LUY",
            "expire_date": "2022-04-18T15:36:00.574"
        }
    },
    {
        "model": "sessions.session",
        "pk": "8blfsw3eua9osvwup6fvc2iwjhc1iop8",
        "fields": {
            "session_data": ".eJxVjEsOwjAMBe-SNYrycb9L9pwhcm2XBlCCmlYCIe4OlbqA7Zt581IB12UKa5E5RFa9surwuw1IV0kb4Aumc9aU0zLHQW-K3mnRp8xyO-7uX2DCMn3fvm4aEsMOPHhLxkpLZkSPziET29q2IANDBdCRc64zjsYKbN2KGKRqixYpJeYU5HGP81P15v0Bcmk-vg:1nh9HU:m4H6SHDNgh15KW5EQ02ksGp6F2MLoIv_qViAgIwSoD4",
            "expire_date": "2022-05-04T18:18:00.695"
        }
    },
    {
        "model": "sessions.session",
        "pk": "mfvm7nvqkt7o50mjd0918k9z6r55axlk",
        "fields": {
            "session_data": ".eJxVjEEOgjAQRe_StSFTGGlh6d4zNNN2RqqmNRQSjfHuhoQN2__e-1_lKteaSnb8fqX5o0Y4KUfrMrm18uxSVKNCddg8hQfnDcQ75VtpQsnLnHyzKc1Oa3MtkZ-X3T0cTFSnrY4IiCJ9a0RA0IKXHokjkLHR6L4N3RB9MCCdRvb2zIMlYtEIOlpQvz8k_z-g:1nh9gq:LuNWNoRDRD79leg8pmPm9lgz1_nwMOCFUh0dx-fPwwc",
            "expire_date": "2022-05-04T18:44:12.773"
        }
    },
    {
        "model": "sessions.session",
        "pk": "uhrat1c047byuh6hg7mlh7i6un1xbsx6",
        "fields": {
            "session_data": ".eJxVjEsOwjAMBe-SNYrycb9L9pwhcm2XBlCCmlYCIe4OlbqA7Zt581IB12UKa5E5RFa9surwuw1IV0kb4Aumc9aU0zLHQW-K3mnRp8xyO-7uX2DCMn3fvm4aEsMOPHhLxkpLZkSPziET29q2IANDBdCRc64zjsYKbN2KGKRqixYpJeYU5HGP81P15v0Bcmk-vg:1ndrkz:3-X03eBjmY9qJyTk-lwPGQFrz4NcGiZDjHrM3sYtSx8",
            "expire_date": "2022-04-25T16:58:53.954"
        }
    },
    {
        "model": "sessions.session",
        "pk": "uv6ymxe2oc7yawuopzzed1z41tequt8m",
        "fields": {
            "session_data": ".eJxVjEsOwjAMBe-SNYrycb9L9pwhcm2XBlCCmlYCIe4OlbqA7Zt581IB12UKa5E5RFa9surwuw1IV0kb4Aumc9aU0zLHQW-K3mnRp8xyO-7uX2DCMn3fvm4aEsMOPHhLxkpLZkSPziET29q2IANDBdCRc64zjsYKbN2KGKRqixYpJeYU5HGP81P15v0Bcmk-vg:1nc32g:8lO0GFJJVT9sm2tjQJT-V7Ioopo3tM8izlFQijzGCMc",
            "expire_date": "2022-04-20T16:37:38.036"
        }
    },
    {
        "model": "sessions.session",
        "pk": "wsjl1ql532bgy31kkautemfqgn1kuqpt",
        "fields": {
            "session_data": ".eJxVjEEOgjAQRe_StWna6bSAS_eeoZnODIIaSCisjHdXEha6_e-9_zKZtnXIW9Ulj2LOxpvT71aIHzrtQO403WbL87QuY7G7Yg9a7XUWfV4O9-9goDp865CahtUJYMDg2Xlt2fUUCICExSffohbBiNgxAHQOuI_oU6vqiKN5fwDR_zeB:1nh9gI:RO3X87_9Vk9JB_XxhpBvijP2TaqxXTCzzNx9XkMuSAk",
            "expire_date": "2022-05-04T18:43:38.617"
        }
    },
    {
        "model": "ecommerce.customers",
        "pk": 1,
        "fields": {
            "username": "участник 1",
            "phone": "87019998877",
            "email": "mail@yahoo.com",
            "address": "адрес",
            "rating": 5,
            "wallet_balance": 123,
            "joining_date": "2022-03-30"
        }
    },
    {
        "model": "ecommerce.customers",
        "pk": 2,
        "fields": {
            "username": "участник 2",
            "phone": "87051122636",
            "email": "user@mail.com",
            "address": "адрес",
            "rating": 1,
            "wallet_balance": 1234,
            "joining_date": "2022-03-30"
        }
    },
    {
        "model": "projects.plantunit",
        "pk": 1,
        "fields": {
            "title": "Водоблок-2"
        }
    },
    {
        "model": "projects.plantunit",
        "pk": 2,
        "fields": {
            "title": "БОВ-1"
        }
    },
    {
        "model": "projects.plantunit",
        "pk": 3,
        "fields": {
            "title": "БОВ-2"
        }
    },
    {
        "model": "projects.plantunit",
        "pk": 4,
        "fields": {
            "title": "УГОВ"
        }
    },
    {
        "model": "projects.plantunit",
        "pk": 5,
        "fields": {
            "title": "МОС"
        }
    },
    {
        "model": "projects.plantunit",
        "pk": 6,
        "fields": {
            "title": "БОС"
        }
    },
    {
        "model": "projects.samplingsite",
        "pk": 1,
        "fields": {
            "title": "Установка оборотного водоснабжения «Водоблок-2» с дренажей насосов Н-14,15,16",
            "location": 1,
            "water_type": [
                1
            ]
        }
    },
    {
        "model": "projects.samplingsite",
        "pk": 2,
        "fields": {
            "title": "Установка АВТ напротив погружного холодильника №42",
            "location": 1,
            "water_type": [
                1
            ]
        }
    },
    {
        "model": "projects.samplingsite",
        "pk": 3,
        "fields": {
            "title": "Установка оборотного водоснабжения «Водоблок-2» с дренажей насосов Н-5,11.12",
            "location": 1,
            "water_type": [
                1
            ]
        }
    },
    {
        "model": "projects.samplingsite",
        "pk": 4,
        "fields": {
            "title": "Аналитическая точка насосов Р-02А/В/С",
            "location": 2,
            "water_type": [
                2
            ]
        }
    },
    {
        "model": "projects.samplingsite",
        "pk": 5,
        "fields": {
            "title": "Аналитическая точка выкид насосов Р-01А/В/С/Д",
            "location": 2,
            "water_type": [
                1
            ]
        }
    },
    {
        "model": "projects.samplingsite",
        "pk": 6,
        "fields": {
            "title": "Аналитическая точка насосов Р-01А/В/С/Д",
            "location": 3,
            "water_type": [
                1,
                2
            ]
        }
    },
    {
        "model": "projects.samplingsite",
        "pk": 7,
        "fields": {
            "title": "Трубопровод Урала (в районе клапанной сборки позиций 77-FV-203) 77-SN-001",
            "location": 4,
            "water_type": [
                1
            ]
        }
    },
    {
        "model": "projects.samplingsite",
        "pk": 8,
        "fields": {
            "title": "Выход из ёмкости 77-ТК-103 77-SN-004",
            "location": 4,
            "water_type": [
                2
            ]
        }
    },
    {
        "model": "projects.samplingsite",
        "pk": 9,
        "fields": {
            "title": "На входе в боковой фильтр позиции 77-Z-003 77-SN-006",
            "location": 4,
            "water_type": [
                1
            ]
        }
    },
    {
        "model": "projects.samplingsite",
        "pk": 10,
        "fields": {
            "title": "Подача на градирню в районе 77-ТI-205 77-SN-007",
            "location": 4,
            "water_type": [
                1
            ]
        }
    },
    {
        "model": "projects.samplingsite",
        "pk": 11,
        "fields": {
            "title": "На выходе с бокового фильтра 77-Z-003, 77-SN-008",
            "location": 4,
            "water_type": [
                1
            ]
        }
    },
    {
        "model": "projects.samplingsite",
        "pk": 12,
        "fields": {
            "title": "Очистные сооружения поз.119. С колодца промстоков №1 (точка №4 вход)",
            "location": 5,
            "water_type": [
                1
            ]
        }
    },
    {
        "model": "projects.samplingsite",
        "pk": 13,
        "fields": {
            "title": "Пробоотборник 001 перед БОС / А1–SN-001",
            "location": 6,
            "water_type": [
                1
            ]
        }
    },
    {
        "model": "projects.samplingsite",
        "pk": 14,
        "fields": {
            "title": "Сточная вода после биологических очистных сооружений А1–SN-009",
            "location": 6,
            "water_type": [
                1
            ]
        }
    },
    {
        "model": "projects.watertype",
        "pk": 1,
        "fields": {
            "type": "Оборотная"
        }
    },
    {
        "model": "projects.watertype",
        "pk": 2,
        "fields": {
            "type": "Приточная"
        }
    },
    {
        "model": "projects.component",
        "pk": 1,
        "fields": {
            "title": "[1|1] Нефтепродукт",
            "measurement": "мг/дм³",
            "limit_lo": null,
            "limit_hi": "25",
            "period": "1 раз в неделю воскресенье",
            "standards": "ГОСТ 26449. 1-85 ПНДФ 14.1:2:4.128-98",
            "recommendation1": null,
            "recommendation2": "Устранить утечки технологических продуктов в оборотную воду"
        }
    },
    {
        "model": "projects.component",
        "pk": 2,
        "fields": {
            "title": "[1|1] Значение рН",
            "measurement": "един",
            "limit_lo": "7",
            "limit_hi": "9",
            "period": "1 раз в неделю воскресенье",
            "standards": "рН- метр ГОСТ 26449. 1-85",
            "recommendation1": "Уменьшить продувку",
            "recommendation2": "Увеличить продувку"
        }
    },
    {
        "model": "projects.component",
        "pk": 3,
        "fields": {
            "title": "[1|1] Общие взвешенные твердые частицы",
            "measurement": "мг/дм³",
            "limit_lo": "35",
            "limit_hi": "50",
            "period": "1 раз в неделю воскресенье",
            "standards": "ГОСТ 26449. 1-85 МВИ АРНА",
            "recommendation1": null,
            "recommendation2": "Проверить Ку, увеличить продувку"
        }
    },
    {
        "model": "projects.component",
        "pk": 4,
        "fields": {
            "title": "[1|1] Фосфор",
            "measurement": "мг/дм³",
            "limit_lo": "1.5",
            "limit_hi": "",
            "period": "1 раз в неделю воскресенье",
            "standards": "МВИ «Hach»",
            "recommendation1": "Увеличить дозировку ингибитора",
            "recommendation2": null
        }
    },
    {
        "model": "projects.component",
        "pk": 5,
        "fields": {
            "title": "[1|1] Щелочность общая",
            "measurement": "мг/л-экв/л",
            "limit_lo": null,
            "limit_hi": "8",
            "period": "Еженедельно по средам",
            "standards": "РТМ 24.030.24",
            "recommendation1": null,
            "recommendation2": "Увеличить продувку"
        }
    },
    {
        "model": "projects.component",
        "pk": 6,
        "fields": {
            "title": "[1|1] Жесткость общая",
            "measurement": "мг/л-экв/л",
            "limit_lo": "6",
            "limit_hi": null,
            "period": "Еженедельно по средам",
            "standards": "РТМ 24.030.24",
            "recommendation1": null,
            "recommendation2": null
        }
    },
    {
        "model": "projects.component",
        "pk": 7,
        "fields": {
            "title": "[1|1] Солесодержание",
            "measurement": "мг/дм³",
            "limit_lo": null,
            "limit_hi": "2500",
            "period": "Еженедельно по средам",
            "standards": "кондуктометр РТМ 24.030.24",
            "recommendation1": null,
            "recommendation2": "Увеличить продувку"
        }
    },
    {
        "model": "projects.component",
        "pk": 8,
        "fields": {
            "title": "[1|1] Хлориды",
            "measurement": "мг/дм³",
            "limit_lo": null,
            "limit_hi": "300",
            "period": "Еженедельно по средам",
            "standards": "ГОСТ 26449.1",
            "recommendation1": null,
            "recommendation2": "Увеличить продувку"
        }
    },
    {
        "model": "projects.component",
        "pk": 9,
        "fields": {
            "title": "[1|1] Сульфаты",
            "measurement": "мг/дм³",
            "limit_lo": null,
            "limit_hi": "500",
            "period": "Еженедельно по средам",
            "standards": "ГОСТ 26449.1 СТ ТОО 40319154-31-2014",
            "recommendation1": null,
            "recommendation2": "Увеличить продувку"
        }
    },
    {
        "model": "projects.component",
        "pk": 10,
        "fields": {
            "title": "[1|1] Жесткость кальциевая",
            "measurement": "мг/л-экв/л",
            "limit_lo": null,
            "limit_hi": "",
            "period": "Еженедельно по средам",
            "standards": "ГОСТ 26449.1 СТ ТОО 40319154-43-2014",
            "recommendation1": null,
            "recommendation2": null
        }
    },
    {
        "model": "projects.component",
        "pk": 11,
        "fields": {
            "title": "[1|1] Жесткость магниевая",
            "measurement": "мг/л-экв/л",
            "limit_lo": null,
            "limit_hi": null,
            "period": "Еженедельно по средам",
            "standards": "ГОСТ 26449.1",
            "recommendation1": null,
            "recommendation2": null
        }
    },
    {
        "model": "projects.component",
        "pk": 12,
        "fields": {
            "title": "[1|1] Железо",
            "measurement": "мкг/л",
            "limit_lo": null,
            "limit_hi": null,
            "period": "Еженедельно по средам",
            "standards": "ГОСТ 26449.1-85 РТМ 24.030.24",
            "recommendation1": null,
            "recommendation2": null
        }
    },
    {
        "model": "projects.component",
        "pk": 13,
        "fields": {
            "title": "[1|2] Нефтепродукт",
            "measurement": "мг/дм³",
            "limit_lo": null,
            "limit_hi": "25",
            "period": "1 раз в неделю воскресенье",
            "standards": "ГОСТ 26449. 1-85 ПНДФ 14.1: 2:4.128-98",
            "recommendation1": null,
            "recommendation2": "Устранить утечки технологических продуктов в оборотную воду"
        }
    },
    {
        "model": "projects.component",
        "pk": 14,
        "fields": {
            "title": "[1|2] Значение рН",
            "measurement": "един",
            "limit_lo": "7",
            "limit_hi": "9",
            "period": "1 раз в неделю воскресенье",
            "standards": "рН- метр ГОСТ 26449. 1-85",
            "recommendation1": "Уменьшить продувку",
            "recommendation2": "Увеличить продувку"
        }
    },
    {
        "model": "projects.component",
        "pk": 15,
        "fields": {
            "title": "[1|2] Общие взвешенные твердые частицы",
            "measurement": "мг/дм³",
            "limit_lo": null,
            "limit_hi": "2500",
            "period": "1 раз в неделю воскресенье",
            "standards": "ГОСТ 26449. 1-85 МВИ АРНА",
            "recommendation1": null,
            "recommendation2": "Увеличить продувку"
        }
    },
    {
        "model": "projects.component",
        "pk": 16,
        "fields": {
            "title": "[1|3] Взвешенные вещества",
            "measurement": "мг/дм³",
            "limit_lo": null,
            "limit_hi": "2500",
            "period": "Еженедельно по средам",
            "standards": "ГОСТ 26449.1",
            "recommendation1": null,
            "recommendation2": "Увеличить продувку"
        }
    },
    {
        "model": "projects.component",
        "pk": 17,
        "fields": {
            "title": "[1|3] Жесткость общая",
            "measurement": "мг/л-экв/л",
            "limit_lo": null,
            "limit_hi": null,
            "period": "Еженедельно по средам",
            "standards": "РТМ 24.030.24",
            "recommendation1": null,
            "recommendation2": null
        }
    },
    {
        "model": "projects.component",
        "pk": 18,
        "fields": {
            "title": "[1|3] Железо",
            "measurement": "мкг/л",
            "limit_lo": null,
            "limit_hi": null,
            "period": "Еженедельно по средам",
            "standards": "ГОСТ 26449.1-85 РТМ 24.030.24",
            "recommendation1": null,
            "recommendation2": null
        }
    },
    {
        "model": "projects.component",
        "pk": 19,
        "fields": {
            "title": "[1|3] Сухой остаток",
            "measurement": "мг/дм³",
            "limit_lo": null,
            "limit_hi": null,
            "period": "Еженедельно по средам",
            "standards": "ГОСТ 26449.1",
            "recommendation1": null,
            "recommendation2": null
        }
    },
    {
        "model": "projects.component",
        "pk": 20,
        "fields": {
            "title": "[1|3] Щелочность общая",
            "measurement": "мг/л-экв/л",
            "limit_lo": null,
            "limit_hi": "8",
            "period": "Еженедельно по средам",
            "standards": "РТМ 24.030.24",
            "recommendation1": null,
            "recommendation2": "Увеличить продувку"
        }
    },
    {
        "model": "projects.component",
        "pk": 21,
        "fields": {
            "title": "[1|3] Солесодержание",
            "measurement": "мг/дм³",
            "limit_lo": null,
            "limit_hi": "2500",
            "period": "Еженедельно по средам",
            "standards": "кондуктометр РТМ 24.030.24",
            "recommendation1": null,
            "recommendation2": "Увеличить продувку"
        }
    },
    {
        "model": "projects.component",
        "pk": 22,
        "fields": {
            "title": "[1|3] Хлориды",
            "measurement": "мг/дм³",
            "limit_lo": null,
            "limit_hi": "300",
            "period": "Еженедельно по средам",
            "standards": "ГОСТ 26449.1",
            "recommendation1": null,
            "recommendation2": "Увеличить продувку"
        }
    },
    {
        "model": "projects.component",
        "pk": 23,
        "fields": {
            "title": "[1|3] Сульфаты",
            "measurement": "мг/дм³",
            "limit_lo": null,
            "limit_hi": "500",
            "period": "Еженедельно по средам",
            "standards": "ГОСТ 26449.1 СТ ТОО 40319154-31-2014",
            "recommendation1": null,
            "recommendation2": "Увеличить продувку"
        }
    },
    {
        "model": "projects.component",
        "pk": 24,
        "fields": {
            "title": "[1|3] Жесткость кальциевая",
            "measurement": "мг/л-экв/л",
            "limit_lo": null,
            "limit_hi": null,
            "period": "Еженедельно по средам",
            "standards": "ГОСТ 26449.1 СТ ТОО 40319154-43-2014",
            "recommendation1": null,
            "recommendation2": null
        }
    },
    {
        "model": "projects.component",
        "pk": 25,
        "fields": {
            "title": "[1|3] Жесткость магниевая",
            "measurement": "мг/л-экв/л",
            "limit_lo": null,
            "limit_hi": null,
            "period": "Еженедельно по средам",
            "standards": "ГОСТ 26449.1",
            "recommendation1": null,
            "recommendation2": null
        }
    },
    {
        "model": "projects.component",
        "pk": 26,
        "fields": {
            "title": "[1|3] Значение рН",
            "measurement": "един",
            "limit_lo": "7",
            "limit_hi": "9",
            "period": "Еженедельно по средам",
            "standards": "рН метр ГОСТ 26449.1",
            "recommendation1": "Уменьшить продувку",
            "recommendation2": "Увеличить продувку"
        }
    },
    {
        "model": "projects.component",
        "pk": 27,
        "fields": {
            "title": "[2|1] Жесткость общая",
            "measurement": "мг-экв/л",
            "limit_lo": "5",
            "limit_hi": "12",
            "period": "1 раз в неделю",
            "standards": "РТМ 24.030.24",
            "recommendation1": null,
            "recommendation2": null
        }
    },
    {
        "model": "projects.component",
        "pk": 28,
        "fields": {
            "title": "[2|1] Жесткость кальциевая",
            "measurement": "мг-экв/л",
            "limit_lo": "2",
            "limit_hi": "4.5",
            "period": "1 раз в неделю",
            "standards": "ГОСТ 26449.1 СТ ТОО 40319154-43-2014",
            "recommendation1": null,
            "recommendation2": null
        }
    },
    {
        "model": "projects.component",
        "pk": 29,
        "fields": {
            "title": "[2|1] Значение рН",
            "measurement": "един",
            "limit_lo": "7",
            "limit_hi": "8.5",
            "period": "1 раз в неделю",
            "standards": "рН- метр ГОСТ 26449. 1-85",
            "recommendation1": null,
            "recommendation2": null
        }
    },
    {
        "model": "projects.component",
        "pk": 30,
        "fields": {
            "title": "[2|1] Солесодержание",
            "measurement": "мг/дм³",
            "limit_lo": "1000",
            "limit_hi": "",
            "period": "1 раз в неделю",
            "standards": "кондуктометр РТМ 24.030.24",
            "recommendation1": null,
            "recommendation2": null
        }
    },
    {
        "model": "projects.component",
        "pk": 31,
        "fields": {
            "title": "[2|1] Хлориды",
            "measurement": "мг/дм³",
            "limit_lo": "200",
            "limit_hi": "",
            "period": "1 раз в неделю",
            "standards": "ГОСТ 26449.1",
            "recommendation1": null,
            "recommendation2": null
        }
    },
    {
        "model": "projects.component",
        "pk": 32,
        "fields": {
            "title": "[2|1] Сульфаты",
            "measurement": "мг/дм³",
            "limit_lo": "120",
            "limit_hi": "",
            "period": "1 раз в неделю",
            "standards": "ГОСТ 26449.1 СТ ТОО 40319154-31-2014",
            "recommendation1": null,
            "recommendation2": null
        }
    },
    {
        "model": "projects.component",
        "pk": 33,
        "fields": {
            "title": "[2|1] Нефтепродукт",
            "measurement": "мг/дм³",
            "limit_lo": null,
            "limit_hi": "",
            "period": "1 раз в неделю",
            "standards": "ПНДФ 14.1: 2:4.128-98",
            "recommendation1": null,
            "recommendation2": null
        }
    },
    {
        "model": "projects.component",
        "pk": 34,
        "fields": {
            "title": "[2|1] Взвешенные вещества",
            "measurement": "мг/дм³",
            "limit_lo": "5",
            "limit_hi": "",
            "period": "1 раз в неделю",
            "standards": "ГОСТ 26449.1",
            "recommendation1": null,
            "recommendation2": null
        }
    },
    {
        "model": "projects.component",
        "pk": 35,
        "fields": {
            "title": "[2|1] Щелочность общая",
            "measurement": "мг-экв/л",
            "limit_lo": null,
            "limit_hi": "",
            "period": "1 раз в неделю",
            "standards": "РТМ 24.030.24",
            "recommendation1": null,
            "recommendation2": null
        }
    },
    {
        "model": "projects.component",
        "pk": 36,
        "fields": {
            "title": "[2|1] Железо",
            "measurement": "мг/дм³",
            "limit_lo": null,
            "limit_hi": "",
            "period": "1 раз в месяц",
            "standards": "ГОСТ 26449.1-85 РТМ 24.030.24",
            "recommendation1": null,
            "recommendation2": null
        }
    },
    {
        "model": "projects.component",
        "pk": 37,
        "fields": {
            "title": "[2|2] Жесткость общая",
            "measurement": "мг-экв/л",
            "limit_lo": "",
            "limit_hi": "20",
            "period": "2 раза в неделю",
            "standards": "РТМ 24.030.24",
            "recommendation1": null,
            "recommendation2": "Увеличить продувку"
        }
    },
    {
        "model": "projects.component",
        "pk": 38,
        "fields": {
            "title": "[2|2] Жесткость кальциевая",
            "measurement": "мг-экв/л",
            "limit_lo": "",
            "limit_hi": "12",
            "period": "2 раза в неделю",
            "standards": "ГОСТ 26449.1 СТ ТОО 40319154-43-2014",
            "recommendation1": null,
            "recommendation2": "Увеличить продувку"
        }
    },
    {
        "model": "projects.component",
        "pk": 39,
        "fields": {
            "title": "[2|2] Значение рН",
            "measurement": "един",
            "limit_lo": "7",
            "limit_hi": "9",
            "period": "1 раз в неделю",
            "standards": "рН- метр ГОСТ 26449. 1-85",
            "recommendation1": "Уменьшить продувку",
            "recommendation2": "Увеличить продувку"
        }
    },
    {
        "model": "projects.component",
        "pk": 40,
        "fields": {
            "title": "[2|2] Солесодержание",
            "measurement": "мг/дм³",
            "limit_lo": "",
            "limit_hi": "2000",
            "period": "1 раз в неделю",
            "standards": "кондуктометр РТМ 24.030.24",
            "recommendation1": null,
            "recommendation2": "Увеличить продувку"
        }
    },
    {
        "model": "projects.component",
        "pk": 41,
        "fields": {
            "title": "[2|2] Хлориды",
            "measurement": "мг/дм³",
            "limit_lo": "",
            "limit_hi": "1000",
            "period": "1 раз в неделю",
            "standards": "ГОСТ 26449.1",
            "recommendation1": null,
            "recommendation2": "Увеличить продувку"
        }
    },
    {
        "model": "projects.component",
        "pk": 42,
        "fields": {
            "title": "[2|2] Сульфаты",
            "measurement": "мг/дм³",
            "limit_lo": null,
            "limit_hi": "1000",
            "period": "1 раз в неделю",
            "standards": "ГОСТ 26449.1 СТ ТОО 40319154-31-2014",
            "recommendation1": null,
            "recommendation2": "Увеличить продувку"
        }
    },
    {
        "model": "projects.component",
        "pk": 43,
        "fields": {
            "title": "[2|2] Нефтепродукт",
            "measurement": "мг/дм³",
            "limit_lo": null,
            "limit_hi": "3",
            "period": "1 раз в неделю",
            "standards": "ПНДФ 14.1: 2:4.128-98",
            "recommendation1": null,
            "recommendation2": "Устранить утечки технологических продуктов в оборотную воду"
        }
    },
    {
        "model": "projects.component",
        "pk": 44,
        "fields": {
            "title": "[2|2] Взвешенные вещества",
            "measurement": "мг/дм³",
            "limit_lo": null,
            "limit_hi": "25",
            "period": "1 раз в неделю",
            "standards": "ГОСТ 26449.1",
            "recommendation1": null,
            "recommendation2": "Проверить работу осветлителя, проверить Ку, увеличить продувку"
        }
    },
    {
        "model": "projects.component",
        "pk": 45,
        "fields": {
            "title": "[2|2] Щелочность общая",
            "measurement": "мг-экв/л",
            "limit_lo": "6",
            "limit_hi": "7",
            "period": "2 раза в неделю",
            "standards": "РТМ 24.030.24-72",
            "recommendation1": "Уменьшить продувку",
            "recommendation2": "Увеличить продувку"
        }
    },
    {
        "model": "projects.component",
        "pk": 46,
        "fields": {
            "title": "[2|2] Железо",
            "measurement": "мг/дм³",
            "limit_lo": null,
            "limit_hi": "",
            "period": "1 раз в месяц",
            "standards": "ГОСТ 26449.1-85 РТМ 24.030.24",
            "recommendation1": null,
            "recommendation2": null
        }
    },
    {
        "model": "projects.component",
        "pk": 47,
        "fields": {
            "title": "[3|1] Жесткость общая",
            "measurement": "мг-экв/л",
            "limit_lo": null,
            "limit_hi": "20",
            "period": "1 раз в неделю",
            "standards": "РТМ 24.030.24",
            "recommendation1": null,
            "recommendation2": "Увеличить продувку"
        }
    },
    {
        "model": "projects.component",
        "pk": 48,
        "fields": {
            "title": "[3|1] Жесткость кальциевая",
            "measurement": "мг-экв/л",
            "limit_lo": null,
            "limit_hi": "12",
            "period": "1 раз в неделю",
            "standards": "ГОСТ 26449.1 СТ ТОО 40319154-43-2014",
            "recommendation1": null,
            "recommendation2": "Увеличить продувку"
        }
    },
    {
        "model": "projects.component",
        "pk": 49,
        "fields": {
            "title": "[3|1] Значение рН",
            "measurement": "един",
            "limit_lo": "7",
            "limit_hi": "9",
            "period": "1 раз в неделю",
            "standards": "рН- метр ГОСТ 26449. 1-85",
            "recommendation1": "Уменьшить продувку",
            "recommendation2": "Увеличить продувку"
        }
    },
    {
        "model": "projects.component",
        "pk": 50,
        "fields": {
            "title": "[3|1] Солесодержание",
            "measurement": "мг/дм³",
            "limit_lo": null,
            "limit_hi": "2000",
            "period": "1 раз в неделю",
            "standards": "кондуктометр РТМ 24.030.24",
            "recommendation1": null,
            "recommendation2": "Увеличить продувку"
        }
    },
    {
        "model": "projects.component",
        "pk": 51,
        "fields": {
            "title": "[3|1] Хлориды",
            "measurement": "мг/дм³",
            "limit_lo": null,
            "limit_hi": "1000",
            "period": "1 раз в неделю",
            "standards": "ГОСТ 26449.1",
            "recommendation1": null,
            "recommendation2": "Увеличить продувку"
        }
    },
    {
        "model": "projects.component",
        "pk": 52,
        "fields": {
            "title": "[3|1] Сульфаты",
            "measurement": "мг/дм³",
            "limit_lo": null,
            "limit_hi": "1000",
            "period": "1 раз в неделю",
            "standards": "ГОСТ 26449.1 СТ ТОО 40319154-31-2014",
            "recommendation1": null,
            "recommendation2": "Увеличить продувку"
        }
    },
    {
        "model": "projects.component",
        "pk": 53,
        "fields": {
            "title": "[3|1] Нефтепродукт",
            "measurement": "мг/дм³",
            "limit_lo": null,
            "limit_hi": "3",
            "period": "1 раз в неделю",
            "standards": "ПНДФ 14.1: 2:4.128-98",
            "recommendation1": null,
            "recommendation2": "Устранить утечки технологических продуктов в оборотную воду"
        }
    },
    {
        "model": "projects.component",
        "pk": 54,
        "fields": {
            "title": "[3|1] Взвешенные вещества",
            "measurement": "мг/дм³",
            "limit_lo": null,
            "limit_hi": "25",
            "period": "1 раз в неделю",
            "standards": "ГОСТ 26449.1",
            "recommendation1": null,
            "recommendation2": "Проверить работу осветлителя, проверить Ку, увеличить продувку"
        }
    },
    {
        "model": "projects.component",
        "pk": 55,
        "fields": {
            "title": "[3|1] Щелочность по фенолу",
            "measurement": "мг-экв/л",
            "limit_lo": null,
            "limit_hi": "",
            "period": "1 раз в неделю",
            "standards": "РТМ 24.030.24-72",
            "recommendation1": null,
            "recommendation2": null
        }
    },
    {
        "model": "projects.component",
        "pk": 56,
        "fields": {
            "title": "[3|1] Щелочность общая",
            "measurement": "мг-экв/л",
            "limit_lo": "6",
            "limit_hi": "7",
            "period": "1 раз в неделю",
            "standards": "РТМ 24.030.24-72",
            "recommendation1": "Уменьшить продувку",
            "recommendation2": "Увеличить продувку"
        }
    },
    {
        "model": "projects.component",
        "pk": 57,
        "fields": {
            "title": "[3|1] Железо",
            "measurement": "мг/дм³",
            "limit_lo": null,
            "limit_hi": "",
            "period": "1 раз в месяц",
            "standards": "ГОСТ 26449.1-85 РТМ 24.030.24",
            "recommendation1": null,
            "recommendation2": null
        }
    },
    {
        "model": "projects.component",
        "pk": 58,
        "fields": {
            "title": "[4|1] Общие взвешенные твердые частицы",
            "measurement": "мг/дм³",
            "limit_lo": null,
            "limit_hi": "",
            "period": "2 раза в неделю (вторник и четверг)",
            "standards": "ГОСТ 26449.1-85              МВИ АРНА",
            "recommendation1": null,
            "recommendation2": null
        }
    },
    {
        "model": "projects.component",
        "pk": 59,
        "fields": {
            "title": "[4|1] Хлориды",
            "measurement": "мг/дм³",
            "limit_lo": null,
            "limit_hi": "",
            "period": "1 раз в неделю вторник",
            "standards": "ГОСТ 26449.1-85 МВИ «Насh»",
            "recommendation1": null,
            "recommendation2": null
        }
    },
    {
        "model": "projects.component",
        "pk": 60,
        "fields": {
            "title": "[4|1] Сульфаты",
            "measurement": "мг/дм³",
            "limit_lo": null,
            "limit_hi": "",
            "period": "1 раз в неделю четверг",
            "standards": "ГОСТ 26449.2-85 МВИ «Насh»",
            "recommendation1": null,
            "recommendation2": null
        }
    },
    {
        "model": "projects.component",
        "pk": 61,
        "fields": {
            "title": "[4|1] Значение рН",
            "measurement": "един",
            "limit_lo": null,
            "limit_hi": "",
            "period": "1 раз в неделю четверг",
            "standards": "ГОСТ 26449.1-85",
            "recommendation1": null,
            "recommendation2": null
        }
    },
    {
        "model": "projects.component",
        "pk": 62,
        "fields": {
            "title": "[4|1] Щелочность общая",
            "measurement": "мг-экв/л",
            "limit_lo": null,
            "limit_hi": "",
            "period": "1 раз в неделю",
            "standards": "РТМ 24.030.24-72.",
            "recommendation1": null,
            "recommendation2": null
        }
    },
    {
        "model": "projects.component",
        "pk": 63,
        "fields": {
            "title": "[4|1] Жесткость кальциевая",
            "measurement": "мг-экв/л",
            "limit_lo": null,
            "limit_hi": "",
            "period": "1 раз в неделю",
            "standards": "ПНД Ф 14.1: 2.95-97",
            "recommendation1": null,
            "recommendation2": null
        }
    },
    {
        "model": "projects.component",
        "pk": 64,
        "fields": {
            "title": "[4|1] Жесткость общая",
            "measurement": "мг-экв/л",
            "limit_lo": null,
            "limit_hi": "",
            "period": "1 раз в неделю",
            "standards": "РТМ 24.030.24-72",
            "recommendation1": null,
            "recommendation2": null
        }
    },
    {
        "model": "projects.component",
        "pk": 65,
        "fields": {
            "title": "[4|1] Железо",
            "measurement": "мг/дм³",
            "limit_lo": null,
            "limit_hi": "",
            "period": "1 раз в неделю",
            "standards": "РТМ 24.030.24-72 ПНД Ф 14.1: 2.50-96",
            "recommendation1": null,
            "recommendation2": null
        }
    },
    {
        "model": "projects.component",
        "pk": 66,
        "fields": {
            "title": "[4|2] Общие взвешенные твердые частицы",
            "measurement": "мг/дм³",
            "limit_lo": "15",
            "limit_hi": "100",
            "period": "1 раз в сутки** 07.30",
            "standards": "ГОСТ 26449.1-85 МВИ АРНА",
            "recommendation1": null,
            "recommendation2": null
        }
    },
    {
        "model": "projects.component",
        "pk": 67,
        "fields": {
            "title": "[4|2] Значение рН",
            "measurement": "един",
            "limit_lo": null,
            "limit_hi": "",
            "period": "1 раз в неделю",
            "standards": "ГОСТ 26449.1-85 МВИ АРНА",
            "recommendation1": null,
            "recommendation2": null
        }
    },
    {
        "model": "projects.component",
        "pk": 68,
        "fields": {
            "title": "[4|2] Хлориды",
            "measurement": "мг/дм³",
            "limit_lo": null,
            "limit_hi": "",
            "period": "1 раз в неделю",
            "standards": "ГОСТ 26449.1-85",
            "recommendation1": null,
            "recommendation2": null
        }
    },
    {
        "model": "projects.component",
        "pk": 69,
        "fields": {
            "title": "[4|2] Фосфор",
            "measurement": "мг/дм³",
            "limit_lo": null,
            "limit_hi": "",
            "period": "1 раз в неделю",
            "standards": "МВИ «Hach»",
            "recommendation1": null,
            "recommendation2": null
        }
    },
    {
        "model": "projects.component",
        "pk": 70,
        "fields": {
            "title": "[4|2] Нефтепродукт",
            "measurement": "мг/дм³",
            "limit_lo": null,
            "limit_hi": "",
            "period": "1 раз в неделю",
            "standards": "ГОСТ 26449.1-85 ПНДФ 14.1: 2:4.128-98",
            "recommendation1": null,
            "recommendation2": null
        }
    },
    {
        "model": "projects.component",
        "pk": 71,
        "fields": {
            "title": "[4|2] Щелочность общая",
            "measurement": "мг-экв/л",
            "limit_lo": null,
            "limit_hi": "",
            "period": "1 раз в неделю",
            "standards": "РТМ 24.030.24-72.",
            "recommendation1": null,
            "recommendation2": null
        }
    },
    {
        "model": "projects.component",
        "pk": 72,
        "fields": {
            "title": "[4|2] Жесткость кальциевая",
            "measurement": "мг-экв/л",
            "limit_lo": null,
            "limit_hi": "",
            "period": "По требованию",
            "standards": "ПНД Ф 14.1: 2.95-97",
            "recommendation1": null,
            "recommendation2": null
        }
    },
    {
        "model": "projects.component",
        "pk": 73,
        "fields": {
            "title": "[4|2] Жесткость общая",
            "measurement": "мг-экв/л",
            "limit_lo": null,
            "limit_hi": "",
            "period": "1 раз в неделю",
            "standards": "РТМ 24.030.24-72",
            "recommendation1": null,
            "recommendation2": null
        }
    },
    {
        "model": "projects.component",
        "pk": 74,
        "fields": {
            "title": "[4|2] Железо",
            "measurement": "мкг/дм³",
            "limit_lo": null,
            "limit_hi": "",
            "period": "По требованию",
            "standards": "РТМ 24.030.24-72 ПНД Ф 14.1: 2.50-96",
            "recommendation1": null,
            "recommendation2": null
        }
    },
    {
        "model": "projects.component",
        "pk": 75,
        "fields": {
            "title": "[4|2] Солесодержание",
            "measurement": "мг/дм³",
            "limit_lo": null,
            "limit_hi": "",
            "period": "1 раз в неделю",
            "standards": "Кондуктометр",
            "recommendation1": null,
            "recommendation2": null
        }
    },
    {
        "model": "projects.component",
        "pk": 76,
        "fields": {
            "title": "[4|3] Общие взвешенные твёрдые частицы",
            "measurement": "мг/дм³",
            "limit_lo": "35",
            "limit_hi": "50",
            "period": "1 раз в неделю пятница",
            "standards": "ГОСТ 26449.1-85 МВИ АРНА",
            "recommendation1": null,
            "recommendation2": "Проверить работу осветлителя, проверить Ку, увеличить продувку"
        }
    },
    {
        "model": "projects.component",
        "pk": 77,
        "fields": {
            "title": "[4|3] Хлориды",
            "measurement": "мг/дм³",
            "limit_lo": null,
            "limit_hi": "300",
            "period": "1 раз в неделю пятница",
            "standards": "ГОСТ 26449.1-85 МВИ «Насh",
            "recommendation1": null,
            "recommendation2": "Увеличить продувку и подпитку осветленной водой"
        }
    },
    {
        "model": "projects.component",
        "pk": 78,
        "fields": {
            "title": "[4|3] Сульфаты",
            "measurement": "мг/дм³",
            "limit_lo": null,
            "limit_hi": "500",
            "period": "1 раз в неделю пятница",
            "standards": "ГОСТ 26449.2-85 МВИ «Насh»",
            "recommendation1": null,
            "recommendation2": "Увеличить продувку и подпитку осветленной водой"
        }
    },
    {
        "model": "projects.component",
        "pk": 79,
        "fields": {
            "title": "[4|3] Значение рН",
            "measurement": "един",
            "limit_lo": "7",
            "limit_hi": "9",
            "period": "1 раз в сутки** 07.30",
            "standards": "рН-метр",
            "recommendation1": "Уменьшить продувку",
            "recommendation2": "Увеличить продувку"
        }
    },
    {
        "model": "projects.component",
        "pk": 80,
        "fields": {
            "title": "[4|3] Фосфор",
            "measurement": "мг/дм³",
            "limit_lo": "1.5",
            "limit_hi": "",
            "period": "1 раз в неделю понедельник",
            "standards": "МВИ «Насh»",
            "recommendation1": "Увеличить дозировку ингибитора",
            "recommendation2": null
        }
    },
    {
        "model": "projects.component",
        "pk": 81,
        "fields": {
            "title": "[4|3] Щелочность",
            "measurement": "мг-экв/л",
            "limit_lo": null,
            "limit_hi": "8",
            "period": "1 раз в неделю",
            "standards": "РТМ 24.030.24-72.",
            "recommendation1": null,
            "recommendation2": "Увеличить продувку"
        }
    },
    {
        "model": "projects.component",
        "pk": 82,
        "fields": {
            "title": "[4|3] Жесткость кальциевая",
            "measurement": "мг-экв/л",
            "limit_lo": null,
            "limit_hi": "",
            "period": "1 раз в неделю",
            "standards": "ПНД Ф 14.1: 2.95-97",
            "recommendation1": null,
            "recommendation2": null
        }
    },
    {
        "model": "projects.component",
        "pk": 83,
        "fields": {
            "title": "[4|3] Жесткость общая",
            "measurement": "мг-экв/л",
            "limit_lo": null,
            "limit_hi": "",
            "period": "1 раз в неделю",
            "standards": "РТМ 24.030.24-72",
            "recommendation1": null,
            "recommendation2": null
        }
    },
    {
        "model": "projects.component",
        "pk": 84,
        "fields": {
            "title": "[4|3] Железо",
            "measurement": "мг/дм³",
            "limit_lo": null,
            "limit_hi": "",
            "period": "1 раз в неделю",
            "standards": "РТМ 24.030.24-72 ПНД Ф 14.1: 2.50-96",
            "recommendation1": null,
            "recommendation2": null
        }
    },
    {
        "model": "projects.component",
        "pk": 85,
        "fields": {
            "title": "[4|3] Солесодержание",
            "measurement": "мг/дм³",
            "limit_lo": null,
            "limit_hi": "2500",
            "period": "1 раз в неделю",
            "standards": "Кондуктометр",
            "recommendation1": null,
            "recommendation2": "Увеличить продувку"
        }
    },
    {
        "model": "projects.component",
        "pk": 86,
        "fields": {
            "title": "[4|4] Остаточный хлор",
            "measurement": "мг/дм³",
            "limit_lo": null,
            "limit_hi": "0.6",
            "period": "1 раз в неделю",
            "standards": "МВИ «Насh»",
            "recommendation1": null,
            "recommendation2": "Снизить подачу галогена в оборотную воду"
        }
    },
    {
        "model": "projects.component",
        "pk": 87,
        "fields": {
            "title": "[4|4] Нефтепродукт",
            "measurement": "мг/дм³",
            "limit_lo": null,
            "limit_hi": "5",
            "period": "2 раза в неделю вторник, пятница",
            "standards": "ГОСТ 26449.1-85 ПНДФ 14.1: 2:4.128-98",
            "recommendation1": null,
            "recommendation2": "Устранить утечки технологических продуктов в оборотную воду"
        }
    },
    {
        "model": "projects.component",
        "pk": 88,
        "fields": {
            "title": "[4|4] Солесодержание",
            "measurement": "мг/дм³",
            "limit_lo": null,
            "limit_hi": "2500",
            "period": "1 раз в неделю",
            "standards": "Кондуктометр",
            "recommendation1": null,
            "recommendation2": "Увеличить продувку"
        }
    },
    {
        "model": "projects.component",
        "pk": 89,
        "fields": {
            "title": "[4|5] Общие взвешенные твёрдые частицы",
            "measurement": "мг/дм³",
            "limit_lo": "35",
            "limit_hi": "50",
            "period": "1 раз в сутки** 07.30",
            "standards": "ГОСТ 26449.1-85         МВИ АРНА",
            "recommendation1": null,
            "recommendation2": "Проверить работу осветлителя, проверить Ку, увеличить продувку"
        }
    },
    {
        "model": "projects.component",
        "pk": 90,
        "fields": {
            "title": "[5|1] Нефтепродукт",
            "measurement": "мг/дм³",
            "limit_lo": null,
            "limit_hi": "3500",
            "period": "1 раз в сутки 08:00",
            "standards": "ГОСТ 26449. 1-85",
            "recommendation1": null,
            "recommendation2": "Отбор пробы сточной воды поступающих с установок завода."
        }
    },
    {
        "model": "projects.component",
        "pk": 91,
        "fields": {
            "title": "[5|1] Взвешенные вещества",
            "measurement": "мг/дм³",
            "limit_lo": null,
            "limit_hi": "",
            "period": "1 раз в сутки 08:00",
            "standards": "ГОСТ 26449. 1-85 МВИ АРНА",
            "recommendation1": null,
            "recommendation2": null
        }
    },
    {
        "model": "projects.component",
        "pk": 92,
        "fields": {
            "title": "[5|1] Значение рН",
            "measurement": "един",
            "limit_lo": null,
            "limit_hi": "",
            "period": "1 раз в сутки  08:00",
            "standards": "рН- метр ГОСТ 26449. 1-85",
            "recommendation1": null,
            "recommendation2": null
        }
    },
    {
        "model": "projects.component",
        "pk": 93,
        "fields": {
            "title": "[5|1] ХПК",
            "measurement": "мг/дм³",
            "limit_lo": null,
            "limit_hi": "",
            "period": "1 раз в сутки 08:00",
            "standards": "ПНДФ 14.1: 2:4.190-03 МВИ «Hach»",
            "recommendation1": null,
            "recommendation2": null
        }
    },
    {
        "model": "projects.component",
        "pk": 94,
        "fields": {
            "title": "[5|1] АПАВ",
            "measurement": "мг/дм³",
            "limit_lo": null,
            "limit_hi": "",
            "period": "1 раз в сутки 08:00",
            "standards": "ПНДФ 14.1:2:4.158-2000",
            "recommendation1": null,
            "recommendation2": null
        }
    },
    {
        "model": "projects.component",
        "pk": 95,
        "fields": {
            "title": "[5|1] Аммонийный азот",
            "measurement": "мг/дм³",
            "limit_lo": null,
            "limit_hi": "",
            "period": "1 раз сутки 08:00",
            "standards": "ГОСТ 26449. 2-85 МВИ «Hach»",
            "recommendation1": null,
            "recommendation2": null
        }
    },
    {
        "model": "projects.component",
        "pk": 96,
        "fields": {
            "title": "[6|1] Значение рН",
            "measurement": "един",
            "limit_lo": null,
            "limit_hi": "7.5",
            "period": "1 раз в сутки 07:30",
            "standards": "рН- метр ГОСТ 26449. 1-85",
            "recommendation1": "Подать едкий натр",
            "recommendation2": "Подать ортофосфорную кислоту"
        }
    },
    {
        "model": "projects.component",
        "pk": 97,
        "fields": {
            "title": "[6|1] Взвешенные вещества",
            "measurement": "мг/дм³",
            "limit_lo": null,
            "limit_hi": "",
            "period": "1 раз в сутки 07:30",
            "standards": "ГОСТ 26449. 1-85 МВИ АРНА",
            "recommendation1": null,
            "recommendation2": null
        }
    },
    {
        "model": "projects.component",
        "pk": 98,
        "fields": {
            "title": "[6|1] ХПК",
            "measurement": "мг/дм³",
            "limit_lo": null,
            "limit_hi": "",
            "period": "1 раз в сутки 07:30",
            "standards": "ПНДФ 14.1: 2:4.190-03 МВИ «Hach»",
            "recommendation1": null,
            "recommendation2": null
        }
    },
    {
        "model": "projects.component",
        "pk": 99,
        "fields": {
            "title": "[6|1] Нефтепродукт",
            "measurement": "мг/дм³",
            "limit_lo": null,
            "limit_hi": "48",
            "period": "2 раза в сутки 07:30 и 13:00",
            "standards": "ГОСТ 26449. 1-85 ПНДФ 14.1: 2:4.128-98",
            "recommendation1": null,
            "recommendation2": "Повысить дозу флокулянта и коагулянта подаваемых на блок  флотации"
        }
    },
    {
        "model": "projects.component",
        "pk": 100,
        "fields": {
            "title": "[6|1] БПК5",
            "measurement": "мг/дм³",
            "limit_lo": null,
            "limit_hi": "",
            "period": "1 раз в декаду",
            "standards": "РД 204.2.07-91 МВИ №АО-02-2004",
            "recommendation1": null,
            "recommendation2": null
        }
    },
    {
        "model": "projects.component",
        "pk": 101,
        "fields": {
            "title": "[6|1] Фенолы",
            "measurement": "мг/дм³",
            "limit_lo": null,
            "limit_hi": "",
            "period": "1 раз в декаду",
            "standards": "ГОСТ 26449. 1-85",
            "recommendation1": null,
            "recommendation2": null
        }
    },
    {
        "model": "projects.component",
        "pk": 102,
        "fields": {
            "title": "[6|1] АПАВ",
            "measurement": "мг/дм³",
            "limit_lo": null,
            "limit_hi": "",
            "period": "1 раз в декаду",
            "standards": "ПНДФ 14.1:2:4.158-2000",
            "recommendation1": null,
            "recommendation2": null
        }
    },
    {
        "model": "projects.component",
        "pk": 103,
        "fields": {
            "title": "[6|1] Хлориды",
            "measurement": "мг/дм³",
            "limit_lo": null,
            "limit_hi": "",
            "period": "1 раз в декаду",
            "standards": "ГОСТ 26449. 1-85 СТ РК 1496-2006",
            "recommendation1": null,
            "recommendation2": null
        }
    },
    {
        "model": "projects.component",
        "pk": 104,
        "fields": {
            "title": "[6|1] Сульфаты",
            "measurement": "мг/дм³",
            "limit_lo": null,
            "limit_hi": "",
            "period": "2 раза в месяц 2,12",
            "standards": "СТ РК 1015-2000 МВИ «Hach»",
            "recommendation1": null,
            "recommendation2": null
        }
    },
    {
        "model": "projects.component",
        "pk": 105,
        "fields": {
            "title": "[6|1] Железо",
            "measurement": "мг/дм³",
            "limit_lo": null,
            "limit_hi": "",
            "period": "2 раза в месяц 3,13",
            "standards": "ГОСТ 26449. 1-85 МВИ «Hach»",
            "recommendation1": null,
            "recommendation2": null
        }
    },
    {
        "model": "projects.component",
        "pk": 106,
        "fields": {
            "title": "[6|1] Аммонийный азот",
            "measurement": "мг/дм³",
            "limit_lo": null,
            "limit_hi": "",
            "period": "1 раз сутки",
            "standards": "ГОСТ 26449. 2-85 МВИ «Hach»",
            "recommendation1": null,
            "recommendation2": null
        }
    },
    {
        "model": "projects.component",
        "pk": 107,
        "fields": {
            "title": "[6|1] Азот нитратов",
            "measurement": "мг/дм³",
            "limit_lo": null,
            "limit_hi": "",
            "period": "1 раз в декаду",
            "standards": "ГОСТ 18826-73 СТ РК 7890-3-2006",
            "recommendation1": null,
            "recommendation2": null
        }
    },
    {
        "model": "projects.component",
        "pk": 108,
        "fields": {
            "title": "[6|1] Азот нитритов",
            "measurement": "мг/дм³",
            "limit_lo": null,
            "limit_hi": "",
            "period": "1 раз в декаду",
            "standards": "ПНДФ 14.1:2:4.26-95",
            "recommendation1": null,
            "recommendation2": null
        }
    },
    {
        "model": "projects.component",
        "pk": 109,
        "fields": {
            "title": "[6|2] Щёлочность общая",
            "measurement": "мг-экв/л",
            "limit_lo": null,
            "limit_hi": "",
            "period": "1 раз в декаду",
            "standards": "РТМ 24.030.24",
            "recommendation1": null,
            "recommendation2": null
        }
    },
    {
        "model": "projects.component",
        "pk": 110,
        "fields": {
            "title": "[6|2] Жёсткость общая",
            "measurement": "мг-экв/л",
            "limit_lo": null,
            "limit_hi": "",
            "period": "1 раз в декаду",
            "standards": "РТМ 24.030.24",
            "recommendation1": null,
            "recommendation2": null
        }
    },
    {
        "model": "projects.component",
        "pk": 111,
        "fields": {
            "title": "[6|2] Окисляемость",
            "measurement": "мг О2/л",
            "limit_lo": null,
            "limit_hi": "",
            "period": "1 раз в декаду",
            "standards": "ГОСТ 26449.1 Методические рекомендации по эксплуатационному анализу воды и пара на тепловых электрос",
            "recommendation1": null,
            "recommendation2": null
        }
    },
    {
        "model": "projects.component",
        "pk": 112,
        "fields": {
            "title": "[6|2] Солесодержание",
            "measurement": "мг/дм³",
            "limit_lo": null,
            "limit_hi": "",
            "period": "1 раз в декаду",
            "standards": "кондуктометр РТМ 24.030.24",
            "recommendation1": null,
            "recommendation2": null
        }
    },
    {
        "model": "projects.component",
        "pk": 113,
        "fields": {
            "title": "[6|2] Остаточный хлор",
            "measurement": "мг/дм³",
            "limit_lo": null,
            "limit_hi": "",
            "period": "1 раз в декаду",
            "standards": "",
            "recommendation1": null,
            "recommendation2": null
        }
    },
    {
        "model": "projects.componentssite1",
        "pk": 90,
        "fields": {
            "oil_prod": 3333,
            "suspended_solids": 33,
            "ph": 11,
            "phosphorus": 33,
            "alkalinity": 33,
            "hardness": 22,
            "salt": 22,
            "chlorides": 22,
            "sulfates": 22,
            "iron": 44,
            "hardness_calcium": 44,
            "hardness_magnesium": 44,
            "datetime": "2022-04-22T15:28:00.294",
            "sampling_site": 1,
            "water_type": 1
        }
    },
    {
        "model": "projects.componentssite2",
        "pk": 65,
        "fields": {
            "oil_prod": 33,
            "ph": 8,
            "suspended_solids": 33,
            "datetime": "2022-04-22T15:21:23.460",
            "sampling_site": 2,
            "water_type": 1
        }
    },
    {
        "model": "projects.componentssite5",
        "pk": 12,
        "fields": {
            "hardness": 222,
            "hardness_calcium": 222,
            "ph": 12,
            "salt": 333,
            "chlorides": 333,
            "sulfates": 333,
            "oil_prod": 3333,
            "suspended_subst": 333,
            "alkalinity": 333,
            "iron": 333,
            "datetime": "2022-04-22T15:06:28.577",
            "sampling_site": 5,
            "water_type": 1
        }
    },
    {
        "model": "projects.componentssite6",
        "pk": 18,
        "fields": {
            "hardness": 444,
            "hardness_calcium": 444,
            "ph": 4,
            "salt": 444,
            "chlorides": 444,
            "sulfates": 444,
            "oil_prod": 444,
            "suspended_subst": 444,
            "alkalinity_phenols": 444,
            "alkalinity": 444,
            "iron": 444,
            "datetime": "2022-04-22T15:07:50.321",
            "sampling_site": 6,
            "water_type": 2
        }
    },
    {
        "model": "projects.notification",
        "pk": 1,
        "fields": {
            "title": "Выше нормы"
        }
    },
    {
        "model": "projects.notification",
        "pk": 2,
        "fields": {
            "title": "Ниже нормы"
        }
    },
    {
        "model": "projects.status",
        "pk": 1,
        "fields": {
            "title": "Запланировано"
        }
    },
    {
        "model": "projects.status",
        "pk": 2,
        "fields": {
            "title": "В работе"
        }
    },
    {
        "model": "projects.status",
        "pk": 3,
        "fields": {
            "title": "На проверке"
        }
    },
    {
        "model": "projects.status",
        "pk": 4,
        "fields": {
            "title": "Выполнено"
        }
    },
    {
        "model": "projects.status",
        "pk": 5,
        "fields": {
            "title": "Архив"
        }
    },
    {
        "model": "tasks.task",
        "pk": 58,
        "fields": {
            "title": "Увеличить продувку",
            "user": null,
            "responsible": 1,
            "start_date": "2022-04-22T15:06:34.797",
            "updated_at": "2022-04-22T16:05:26.920",
            "deadline": "2022-04-25T15:06:28.595",
            "completion_date": null,
            "comp_title": "Жесткость общая",
            "comp_value": 222,
            "water_type": 1,
            "sampling_site": 5,
            "plant_unit": 2,
            "notification": 1,
            "status": 3
        }
    },
    {
        "model": "tasks.task",
        "pk": 59,
        "fields": {
            "title": "Увеличить продувку",
            "user": 4,
            "responsible": 1,
            "start_date": "2022-04-22T15:06:38.167",
            "updated_at": "2022-04-22T16:05:54.446",
            "deadline": "2022-04-25T15:06:00",
            "completion_date": null,
            "comp_title": "Жесткость кальциевая",
            "comp_value": 222,
            "water_type": 1,
            "sampling_site": 5,
            "plant_unit": 2,
            "notification": 1,
            "status": 2
        }
    },
    {
        "model": "tasks.task",
        "pk": 60,
        "fields": {
            "title": "Увеличить продувку",
            "user": 2,
            "responsible": 1,
            "start_date": "2022-04-22T15:06:40.940",
            "updated_at": "2022-04-22T17:39:51.118",
            "deadline": "2022-04-25T15:06:00",
            "completion_date": null,
            "comp_title": "Значение рН",
            "comp_value": 12,
            "water_type": 1,
            "sampling_site": 5,
            "plant_unit": 2,
            "notification": 1,
            "status": 3
        }
    },
    {
        "model": "tasks.task",
        "pk": 61,
        "fields": {
            "title": "Устранить утечки технологических продуктов в оборотную воду",
            "user": 4,
            "responsible": 1,
            "start_date": "2022-04-22T15:06:43.916",
            "updated_at": "2022-04-22T16:08:53.931",
            "deadline": "2022-04-25T15:06:00",
            "completion_date": null,
            "comp_title": "Нефтепродукт",
            "comp_value": 3333,
            "water_type": 1,
            "sampling_site": 5,
            "plant_unit": 2,
            "notification": 1,
            "status": 2
        }
    },
    {
        "model": "tasks.task",
        "pk": 62,
        "fields": {
            "title": "Проверить работу осветлителя, проверить Ку, увеличить продувку",
            "user": 1,
            "responsible": 1,
            "start_date": "2022-04-22T15:06:46.566",
            "updated_at": "2022-04-22T15:32:41.408",
            "deadline": "2022-04-25T15:06:00",
            "completion_date": null,
            "comp_title": "Взвешенные вещества",
            "comp_value": 333,
            "water_type": 1,
            "sampling_site": 5,
            "plant_unit": 2,
            "notification": 1,
            "status": 1
        }
    },
    {
        "model": "tasks.task",
        "pk": 63,
        "fields": {
            "title": "Увеличить продувку",
            "user": null,
            "responsible": 1,
            "start_date": "2022-04-22T15:06:48.927",
            "updated_at": "2022-04-22T15:06:48.927",
            "deadline": "2022-04-25T15:06:46.575",
            "completion_date": null,
            "comp_title": "Щелочность общая",
            "comp_value": 333,
            "water_type": 1,
            "sampling_site": 5,
            "plant_unit": 2,
            "notification": 1,
            "status": 1
        }
    },
    {
        "model": "tasks.task",
        "pk": 64,
        "fields": {
            "title": "Увеличить продувку",
            "user": 5,
            "responsible": 1,
            "start_date": "2022-04-22T15:07:52.517",
            "updated_at": "2022-04-22T15:32:53.237",
            "deadline": "2022-04-25T15:07:00",
            "completion_date": null,
            "comp_title": "Жесткость общая",
            "comp_value": 444,
            "water_type": 2,
            "sampling_site": 6,
            "plant_unit": 3,
            "notification": 1,
            "status": 1
        }
    },
    {
        "model": "tasks.task",
        "pk": 65,
        "fields": {
            "title": "Увеличить продувку",
            "user": null,
            "responsible": 1,
            "start_date": "2022-04-22T15:07:54.991",
            "updated_at": "2022-04-22T15:07:54.991",
            "deadline": "2022-04-25T15:07:52.526",
            "completion_date": null,
            "comp_title": "Жесткость кальциевая",
            "comp_value": 444,
            "water_type": 2,
            "sampling_site": 6,
            "plant_unit": 3,
            "notification": 1,
            "status": 1
        }
    },
    {
        "model": "tasks.task",
        "pk": 66,
        "fields": {
            "title": "Уменьшить продувку",
            "user": null,
            "responsible": 1,
            "start_date": "2022-04-22T15:07:57.429",
            "updated_at": "2022-04-22T15:07:57.429",
            "deadline": "2022-04-25T15:07:55.000",
            "completion_date": null,
            "comp_title": "Значение рН",
            "comp_value": 4,
            "water_type": 2,
            "sampling_site": 6,
            "plant_unit": 3,
            "notification": 2,
            "status": 1
        }
    },
    {
        "model": "tasks.task",
        "pk": 67,
        "fields": {
            "title": "Устранить утечки технологических продуктов в оборотную воду",
            "user": null,
            "responsible": 1,
            "start_date": "2022-04-22T15:07:59.277",
            "updated_at": "2022-04-22T15:07:59.277",
            "deadline": "2022-04-25T15:07:57.438",
            "completion_date": null,
            "comp_title": "Нефтепродукт",
            "comp_value": 444,
            "water_type": 2,
            "sampling_site": 6,
            "plant_unit": 3,
            "notification": 1,
            "status": 1
        }
    },
    {
        "model": "tasks.task",
        "pk": 68,
        "fields": {
            "title": "Проверить работу осветлителя, проверить Ку, увеличить продувку",
            "user": null,
            "responsible": 1,
            "start_date": "2022-04-22T15:08:01.666",
            "updated_at": "2022-04-22T15:08:01.666",
            "deadline": "2022-04-25T15:07:59.286",
            "completion_date": null,
            "comp_title": "Взвешенные вещества",
            "comp_value": 444,
            "water_type": 2,
            "sampling_site": 6,
            "plant_unit": 3,
            "notification": 1,
            "status": 1
        }
    },
    {
        "model": "tasks.task",
        "pk": 69,
        "fields": {
            "title": "Увеличить продувку",
            "user": null,
            "responsible": 1,
            "start_date": "2022-04-22T15:08:05.083",
            "updated_at": "2022-04-22T15:08:05.083",
            "deadline": "2022-04-25T15:08:01.675",
            "completion_date": null,
            "comp_title": "Щелочность общая",
            "comp_value": 444,
            "water_type": 2,
            "sampling_site": 6,
            "plant_unit": 3,
            "notification": 1,
            "status": 1
        }
    },
    {
        "model": "tasks.task",
        "pk": 70,
        "fields": {
            "title": "Устранить утечки технологических продуктов в оборотную воду",
            "user": null,
            "responsible": 1,
            "start_date": "2022-04-22T15:21:26.877",
            "updated_at": "2022-04-22T15:21:26.877",
            "deadline": "2022-04-25T15:21:23.470",
            "completion_date": null,
            "comp_title": "Нефтепродукт",
            "comp_value": 33,
            "water_type": 1,
            "sampling_site": 2,
            "plant_unit": 1,
            "notification": 1,
            "status": 1
        }
    },
    {
        "model": "tasks.task",
        "pk": 71,
        "fields": {
            "title": "Устранить утечки технологических продуктов в оборотную воду",
            "user": null,
            "responsible": 3,
            "start_date": "2022-04-22T15:28:12.598",
            "updated_at": "2022-04-22T15:28:12.598",
            "deadline": "2022-04-25T15:28:00.316",
            "completion_date": null,
            "comp_title": "Нефтепродукт",
            "comp_value": 3333,
            "water_type": 1,
            "sampling_site": 1,
            "plant_unit": 1,
            "notification": 1,
            "status": 1
        }
    },
    {
        "model": "tasks.task",
        "pk": 72,
        "fields": {
            "title": "Увеличить продувку",
            "user": null,
            "responsible": 3,
            "start_date": "2022-04-22T15:28:16.724",
            "updated_at": "2022-04-22T15:28:16.724",
            "deadline": "2022-04-25T15:28:12.605",
            "completion_date": null,
            "comp_title": "Значение рН",
            "comp_value": 11,
            "water_type": 1,
            "sampling_site": 1,
            "plant_unit": 1,
            "notification": 1,
            "status": 1
        }
    },
    {
        "model": "tasks.task",
        "pk": 73,
        "fields": {
            "title": "Увеличить продувку",
            "user": null,
            "responsible": 3,
            "start_date": "2022-04-22T15:28:21.899",
            "updated_at": "2022-04-22T15:28:21.899",
            "deadline": "2022-04-25T15:28:16.729",
            "completion_date": null,
            "comp_title": "Щелочность общая",
            "comp_value": 33,
            "water_type": 1,
            "sampling_site": 1,
            "plant_unit": 1,
            "notification": 1,
            "status": 1
        }
    },
    {
        "model": "tasks.changestracker",
        "pk": 86,
        "fields": {
            "task": 58,
            "text": "изменил статус на",
            "who_changed": 1,
            "changed_to": "На проверке",
            "updated_at": "2022-04-22T16:05:26.907"
        }
    },
    {
        "model": "tasks.changestracker",
        "pk": 87,
        "fields": {
            "task": 59,
            "text": "изменил статус на",
            "who_changed": 3,
            "changed_to": "В работе",
            "updated_at": "2022-04-22T16:05:54.438"
        }
    },
    {
        "model": "tasks.changestracker",
        "pk": 88,
        "fields": {
            "task": 61,
            "text": "изменил исполнителя на",
            "who_changed": 3,
            "changed_to": "consultant",
            "updated_at": "2022-04-22T16:06:04.460"
        }
    },
    {
        "model": "tasks.changestracker",
        "pk": 89,
        "fields": {
            "task": 61,
            "text": "изменил исполнителя на",
            "who_changed": 3,
            "changed_to": "unit1_head",
            "updated_at": "2022-04-22T16:08:53.922"
        }
    },
    {
        "model": "tasks.changestracker",
        "pk": 90,
        "fields": {
            "task": 60,
            "text": "изменил статус на",
            "who_changed": 3,
            "changed_to": "На проверке",
            "updated_at": "2022-04-22T17:39:51.103"
        }
    },
    {
        "model": "accounts.profile",
        "pk": 1,
        "fields": {
            "user": 2,
            "phone": "87079998888",
            "position": "Лаборант",
            "role": 4
        }
    },
    {
        "model": "accounts.profile",
        "pk": 2,
        "fields": {
            "user": 3,
            "phone": "87774443322",
            "position": "Генеральный директор",
            "role": 1
        }
    },
    {
        "model": "accounts.profile",
        "pk": 3,
        "fields": {
            "user": 4,
            "phone": "+7(701)-111-22-33",
            "position": "Начальник БОВ-1",
            "role": 3
        }
    },
    {
        "model": "accounts.profile",
        "pk": 4,
        "fields": {
            "user": 5,
            "phone": "+7(999)-999-99-99",
            "position": "consultant",
            "role": 2
        }
    },
    {
        "model": "sites.site",
        "pk": 2,
        "fields": {
            "domain": "enertek.kz",
            "name": "enertek.kz"
        }
    },
    {
        "model": "account.emailaddress",
        "pk": 1,
        "fields": {
            "user": 2,
            "email": "user@mail.ru",
            "verified": true,
            "primary": true
        }
    },
    {
        "model": "account.emailaddress",
        "pk": 2,
        "fields": {
            "user": 1,
            "email": "admin@mail.ru",
            "verified": true,
            "primary": true
        }
    },
    {
        "model": "account.emailaddress",
        "pk": 3,
        "fields": {
            "user": 3,
            "email": "mail@mail.com",
            "verified": true,
            "primary": true
        }
    },
    {
        "model": "account.emailaddress",
        "pk": 4,
        "fields": {
            "user": 4,
            "email": "john@mail.com",
            "verified": true,
            "primary": true
        }
    }
]