[
{
  "model": "admin.logentry",
  "pk": 1,
  "fields": {
    "action_time": "2022-03-30T12:29:38.401",
    "user": 1,
    "content_type": 28,
    "object_id": "1",
    "object_repr": "участник 1 | 2022-03-30",
    "action_flag": 1,
    "change_message": "[{\"added\": {}}]"
  }
},
{
  "model": "admin.logentry",
  "pk": 2,
  "fields": {
    "action_time": "2022-03-30T12:30:06.577",
    "user": 1,
    "content_type": 28,
    "object_id": "2",
    "object_repr": "участник 2 | 2022-03-30",
    "action_flag": 1,
    "change_message": "[{\"added\": {}}]"
  }
},
{
  "model": "admin.logentry",
  "pk": 3,
  "fields": {
    "action_time": "2022-04-04T11:49:21.369",
    "user": 1,
    "content_type": 2,
    "object_id": "1",
    "object_repr": "Top management",
    "action_flag": 1,
    "change_message": "[{\"added\": {}}]"
  }
},
{
  "model": "admin.logentry",
  "pk": 4,
  "fields": {
    "action_time": "2022-04-04T11:51:32.170",
    "user": 1,
    "content_type": 2,
    "object_id": "2",
    "object_repr": "Employees",
    "action_flag": 1,
    "change_message": "[{\"added\": {}}]"
  }
},
{
  "model": "admin.logentry",
  "pk": 5,
  "fields": {
    "action_time": "2022-04-04T11:52:44.634",
    "user": 1,
    "content_type": 2,
    "object_id": "3",
    "object_repr": "Plant unit head",
    "action_flag": 1,
    "change_message": "[{\"added\": {}}]"
  }
},
{
  "model": "admin.logentry",
  "pk": 6,
  "fields": {
    "action_time": "2022-04-04T11:53:01.620",
    "user": 1,
    "content_type": 2,
    "object_id": "1",
    "object_repr": "Top management",
    "action_flag": 2,
    "change_message": "[{\"changed\": {\"fields\": [\"Permissions\"]}}]"
  }
},
{
  "model": "admin.logentry",
  "pk": 7,
  "fields": {
    "action_time": "2022-04-04T11:53:14.774",
    "user": 1,
    "content_type": 2,
    "object_id": "3",
    "object_repr": "Plant unit head",
    "action_flag": 2,
    "change_message": "[]"
  }
},
{
  "model": "admin.logentry",
  "pk": 8,
  "fields": {
    "action_time": "2022-04-04T11:53:22.154",
    "user": 1,
    "content_type": 2,
    "object_id": "2",
    "object_repr": "Employees",
    "action_flag": 2,
    "change_message": "[{\"changed\": {\"fields\": [\"Permissions\"]}}]"
  }
},
{
  "model": "admin.logentry",
  "pk": 9,
  "fields": {
    "action_time": "2022-04-04T11:54:41.983",
    "user": 1,
    "content_type": 2,
    "object_id": "4",
    "object_repr": "Laboratory",
    "action_flag": 1,
    "change_message": "[{\"added\": {}}]"
  }
},
{
  "model": "admin.logentry",
  "pk": 10,
  "fields": {
    "action_time": "2022-04-04T11:54:53.696",
    "user": 1,
    "content_type": 2,
    "object_id": "1",
    "object_repr": "Топ менеджмент",
    "action_flag": 2,
    "change_message": "[{\"changed\": {\"fields\": [\"Name\"]}}]"
  }
},
{
  "model": "admin.logentry",
  "pk": 11,
  "fields": {
    "action_time": "2022-04-04T11:55:01.127",
    "user": 1,
    "content_type": 2,
    "object_id": "3",
    "object_repr": "Начальник установки",
    "action_flag": 2,
    "change_message": "[{\"changed\": {\"fields\": [\"Name\"]}}]"
  }
},
{
  "model": "admin.logentry",
  "pk": 12,
  "fields": {
    "action_time": "2022-04-04T11:55:08.028",
    "user": 1,
    "content_type": 2,
    "object_id": "4",
    "object_repr": "Лаборант",
    "action_flag": 2,
    "change_message": "[{\"changed\": {\"fields\": [\"Name\"]}}]"
  }
},
{
  "model": "admin.logentry",
  "pk": 13,
  "fields": {
    "action_time": "2022-04-04T11:55:16.002",
    "user": 1,
    "content_type": 2,
    "object_id": "2",
    "object_repr": "Сотрудники",
    "action_flag": 2,
    "change_message": "[{\"changed\": {\"fields\": [\"Name\"]}}]"
  }
},
{
  "model": "admin.logentry",
  "pk": 14,
  "fields": {
    "action_time": "2022-04-04T12:11:01.241",
    "user": 1,
    "content_type": 3,
    "object_id": "2",
    "object_repr": "lab_assistant",
    "action_flag": 1,
    "change_message": "[{\"added\": {}}]"
  }
},
{
  "model": "admin.logentry",
  "pk": 15,
  "fields": {
    "action_time": "2022-04-04T12:11:11.269",
    "user": 1,
    "content_type": 3,
    "object_id": "2",
    "object_repr": "lab_assistant",
    "action_flag": 2,
    "change_message": "[{\"changed\": {\"fields\": [\"Groups\"]}}]"
  }
},
{
  "model": "admin.logentry",
  "pk": 16,
  "fields": {
    "action_time": "2022-04-04T12:11:27.243",
    "user": 1,
    "content_type": 3,
    "object_id": "3",
    "object_repr": "director",
    "action_flag": 1,
    "change_message": "[{\"added\": {}}]"
  }
},
{
  "model": "admin.logentry",
  "pk": 17,
  "fields": {
    "action_time": "2022-04-04T12:11:32.507",
    "user": 1,
    "content_type": 3,
    "object_id": "3",
    "object_repr": "director",
    "action_flag": 2,
    "change_message": "[{\"changed\": {\"fields\": [\"Groups\"]}}]"
  }
},
{
  "model": "admin.logentry",
  "pk": 18,
  "fields": {
    "action_time": "2022-04-04T12:11:53.390",
    "user": 1,
    "content_type": 3,
    "object_id": "4",
    "object_repr": "unit1_head",
    "action_flag": 1,
    "change_message": "[{\"added\": {}}]"
  }
},
{
  "model": "admin.logentry",
  "pk": 19,
  "fields": {
    "action_time": "2022-04-04T12:12:03.384",
    "user": 1,
    "content_type": 3,
    "object_id": "4",
    "object_repr": "unit1_head",
    "action_flag": 2,
    "change_message": "[{\"changed\": {\"fields\": [\"Groups\"]}}]"
  }
},
{
  "model": "admin.logentry",
  "pk": 20,
  "fields": {
    "action_time": "2022-04-04T12:12:19.217",
    "user": 1,
    "content_type": 3,
    "object_id": "5",
    "object_repr": "consultant",
    "action_flag": 1,
    "change_message": "[{\"added\": {}}]"
  }
},
{
  "model": "admin.logentry",
  "pk": 21,
  "fields": {
    "action_time": "2022-04-04T12:12:24.934",
    "user": 1,
    "content_type": 3,
    "object_id": "5",
    "object_repr": "consultant",
    "action_flag": 2,
    "change_message": "[{\"changed\": {\"fields\": [\"Groups\"]}}]"
  }
},
{
  "model": "admin.logentry",
  "pk": 22,
  "fields": {
    "action_time": "2022-04-04T12:16:35.591",
    "user": 1,
    "content_type": 3,
    "object_id": "2",
    "object_repr": "lab_assistant",
    "action_flag": 2,
    "change_message": "[{\"changed\": {\"fields\": [\"Email address\"]}}]"
  }
},
{
  "model": "admin.logentry",
  "pk": 23,
  "fields": {
    "action_time": "2022-04-04T12:17:08.269",
    "user": 1,
    "content_type": 3,
    "object_id": "2",
    "object_repr": "lab_assistant",
    "action_flag": 2,
    "change_message": "[{\"changed\": {\"fields\": [\"First name\", \"Last name\"]}}]"
  }
},
{
  "model": "admin.logentry",
  "pk": 24,
  "fields": {
    "action_time": "2022-04-04T12:17:40.050",
    "user": 1,
    "content_type": 30,
    "object_id": "1",
    "object_repr": "user@mail.ru",
    "action_flag": 1,
    "change_message": "[{\"added\": {}}]"
  }
},
{
  "model": "admin.logentry",
  "pk": 25,
  "fields": {
    "action_time": "2022-04-04T12:22:35.305",
    "user": 1,
    "content_type": 3,
    "object_id": "1",
    "object_repr": "admin",
    "action_flag": 2,
    "change_message": "[{\"changed\": {\"fields\": [\"First name\", \"Last name\"]}}]"
  }
},
{
  "model": "admin.logentry",
  "pk": 26,
  "fields": {
    "action_time": "2022-04-04T12:58:47.436",
    "user": 1,
    "content_type": 3,
    "object_id": "1",
    "object_repr": "admin",
    "action_flag": 2,
    "change_message": "[{\"changed\": {\"fields\": [\"Email address\"]}}]"
  }
},
{
  "model": "admin.logentry",
  "pk": 27,
  "fields": {
    "action_time": "2022-04-04T12:59:13.525",
    "user": 1,
    "content_type": 30,
    "object_id": "2",
    "object_repr": "admin@mail.ru",
    "action_flag": 1,
    "change_message": "[{\"added\": {}}]"
  }
},
{
  "model": "admin.logentry",
  "pk": 28,
  "fields": {
    "action_time": "2022-04-04T13:04:43.358",
    "user": 1,
    "content_type": 3,
    "object_id": "1",
    "object_repr": "admin",
    "action_flag": 2,
    "change_message": "[{\"changed\": {\"fields\": [\"Groups\", \"User permissions\"]}}]"
  }
},
{
  "model": "admin.logentry",
  "pk": 29,
  "fields": {
    "action_time": "2022-04-04T14:10:23.125",
    "user": 1,
    "content_type": 2,
    "object_id": "4",
    "object_repr": "Лаборант",
    "action_flag": 2,
    "change_message": "[{\"changed\": {\"fields\": [\"Permissions\"]}}]"
  }
},
{
  "model": "admin.logentry",
  "pk": 30,
  "fields": {
    "action_time": "2022-04-04T14:13:31.205",
    "user": 1,
    "content_type": 3,
    "object_id": "3",
    "object_repr": "director",
    "action_flag": 2,
    "change_message": "[{\"changed\": {\"fields\": [\"Email address\"]}}]"
  }
},
{
  "model": "admin.logentry",
  "pk": 31,
  "fields": {
    "action_time": "2022-04-04T14:13:52.659",
    "user": 1,
    "content_type": 30,
    "object_id": "3",
    "object_repr": "mail@mail.com",
    "action_flag": 1,
    "change_message": "[{\"added\": {}}]"
  }
},
{
  "model": "admin.logentry",
  "pk": 32,
  "fields": {
    "action_time": "2022-04-04T15:26:21.859",
    "user": 1,
    "content_type": 3,
    "object_id": "4",
    "object_repr": "unit1_head",
    "action_flag": 2,
    "change_message": "[{\"changed\": {\"fields\": [\"First name\", \"Last name\", \"Email address\"]}}]"
  }
},
{
  "model": "admin.logentry",
  "pk": 33,
  "fields": {
    "action_time": "2022-04-04T15:26:39.606",
    "user": 1,
    "content_type": 30,
    "object_id": "4",
    "object_repr": "john@mail.com",
    "action_flag": 1,
    "change_message": "[{\"added\": {}}]"
  }
},
{
  "model": "admin.logentry",
  "pk": 34,
  "fields": {
    "action_time": "2022-04-12T13:01:27.264",
    "user": 1,
    "content_type": 2,
    "object_id": "4",
    "object_repr": "Лаборант",
    "action_flag": 2,
    "change_message": "[]"
  }
},
{
  "model": "admin.logentry",
  "pk": 35,
  "fields": {
    "action_time": "2022-04-12T13:01:40.389",
    "user": 1,
    "content_type": 2,
    "object_id": "1",
    "object_repr": "Топ менеджмент",
    "action_flag": 2,
    "change_message": "[{\"changed\": {\"fields\": [\"Permissions\"]}}]"
  }
},
{
  "model": "admin.logentry",
  "pk": 36,
  "fields": {
    "action_time": "2022-04-12T13:01:52.052",
    "user": 1,
    "content_type": 2,
    "object_id": "3",
    "object_repr": "Начальник установки",
    "action_flag": 2,
    "change_message": "[{\"changed\": {\"fields\": [\"Permissions\"]}}]"
  }
},
{
  "model": "admin.logentry",
  "pk": 37,
  "fields": {
    "action_time": "2022-04-12T13:01:59.257",
    "user": 1,
    "content_type": 2,
    "object_id": "2",
    "object_repr": "Сотрудники",
    "action_flag": 2,
    "change_message": "[{\"changed\": {\"fields\": [\"Permissions\"]}}]"
  }
},
{
  "model": "admin.logentry",
  "pk": 38,
  "fields": {
    "action_time": "2022-04-15T15:07:45.785",
    "user": 1,
    "content_type": 3,
    "object_id": "1",
    "object_repr": "admin",
    "action_flag": 2,
    "change_message": "[{\"changed\": {\"fields\": [\"User permissions\"]}}]"
  }
},
{
  "model": "admin.logentry",
  "pk": 39,
  "fields": {
    "action_time": "2022-04-15T15:10:42.425",
    "user": 1,
    "content_type": 3,
    "object_id": "1",
    "object_repr": "admin",
    "action_flag": 2,
    "change_message": "[{\"changed\": {\"fields\": [\"User permissions\"]}}]"
  }
},
{
  "model": "admin.logentry",
  "pk": 40,
  "fields": {
    "action_time": "2022-04-15T15:11:32.135",
    "user": 1,
    "content_type": 2,
    "object_id": "1",
    "object_repr": "Топ менеджмент",
    "action_flag": 2,
    "change_message": "[{\"changed\": {\"fields\": [\"Permissions\"]}}]"
  }
},
{
  "model": "admin.logentry",
  "pk": 41,
  "fields": {
    "action_time": "2022-04-15T15:11:58.652",
    "user": 1,
    "content_type": 2,
    "object_id": "3",
    "object_repr": "Начальник установки",
    "action_flag": 2,
    "change_message": "[{\"changed\": {\"fields\": [\"Permissions\"]}}]"
  }
},
{
  "model": "admin.logentry",
  "pk": 42,
  "fields": {
    "action_time": "2022-04-15T15:12:29.939",
    "user": 1,
    "content_type": 2,
    "object_id": "2",
    "object_repr": "Сотрудники",
    "action_flag": 2,
    "change_message": "[{\"changed\": {\"fields\": [\"Permissions\"]}}]"
  }
},
{
  "model": "admin.logentry",
  "pk": 43,
  "fields": {
    "action_time": "2022-04-15T15:35:34.845",
    "user": 1,
    "content_type": 2,
    "object_id": "1",
    "object_repr": "Топ менеджмент",
    "action_flag": 2,
    "change_message": "[{\"changed\": {\"fields\": [\"Permissions\"]}}]"
  }
},
{
  "model": "admin.logentry",
  "pk": 44,
  "fields": {
    "action_time": "2022-04-15T15:35:48.979",
    "user": 1,
    "content_type": 2,
    "object_id": "3",
    "object_repr": "Начальник установки",
    "action_flag": 2,
    "change_message": "[{\"changed\": {\"fields\": [\"Permissions\"]}}]"
  }
},
{
  "model": "admin.logentry",
  "pk": 45,
  "fields": {
    "action_time": "2022-04-15T15:35:56.115",
    "user": 1,
    "content_type": 2,
    "object_id": "2",
    "object_repr": "Сотрудники",
    "action_flag": 2,
    "change_message": "[{\"changed\": {\"fields\": [\"Permissions\"]}}]"
  }
},
{
  "model": "admin.logentry",
  "pk": 46,
  "fields": {
    "action_time": "2022-04-18T12:29:38.416",
    "user": 1,
    "content_type": 37,
    "object_id": "19",
    "object_repr": "Task object (19)",
    "action_flag": 2,
    "change_message": "[{\"changed\": {\"fields\": [\"\\u0418\\u0441\\u043f\\u043e\\u043b\\u043d\\u0438\\u0442\\u0435\\u043b\\u044c\"]}}]"
  }
},
{
  "model": "admin.logentry",
  "pk": 47,
  "fields": {
    "action_time": "2022-04-18T12:30:54.662",
    "user": 1,
    "content_type": 37,
    "object_id": "18",
    "object_repr": "Task object (18)",
    "action_flag": 2,
    "change_message": "[]"
  }
},
{
  "model": "admin.logentry",
  "pk": 48,
  "fields": {
    "action_time": "2022-04-18T12:32:49.590",
    "user": 1,
    "content_type": 37,
    "object_id": "14",
    "object_repr": "Task object (14)",
    "action_flag": 2,
    "change_message": "[{\"changed\": {\"fields\": [\"\\u0418\\u0441\\u043f\\u043e\\u043b\\u043d\\u0438\\u0442\\u0435\\u043b\\u044c\"]}}]"
  }
},
{
  "model": "admin.logentry",
  "pk": 49,
  "fields": {
    "action_time": "2022-04-18T12:47:14.253",
    "user": 1,
    "content_type": 37,
    "object_id": "12",
    "object_repr": "Task object (12)",
    "action_flag": 2,
    "change_message": "[{\"changed\": {\"fields\": [\"\\u0418\\u0441\\u043f\\u043e\\u043b\\u043d\\u0438\\u0442\\u0435\\u043b\\u044c\"]}}]"
  }
},
{
  "model": "admin.logentry",
  "pk": 50,
  "fields": {
    "action_time": "2022-04-18T12:59:37.846",
    "user": 1,
    "content_type": 37,
    "object_id": "1",
    "object_repr": "Task object (1)",
    "action_flag": 2,
    "change_message": "[{\"changed\": {\"fields\": [\"\\u0418\\u0441\\u043f\\u043e\\u043b\\u043d\\u0438\\u0442\\u0435\\u043b\\u044c\"]}}]"
  }
},
{
  "model": "admin.logentry",
  "pk": 51,
  "fields": {
    "action_time": "2022-04-18T13:13:34.112",
    "user": 1,
    "content_type": 37,
    "object_id": "1",
    "object_repr": "Task object (1)",
    "action_flag": 2,
    "change_message": "[]"
  }
},
{
  "model": "admin.logentry",
  "pk": 52,
  "fields": {
    "action_time": "2022-04-22T11:38:22.619",
    "user": 1,
    "content_type": 8,
    "object_id": "6",
    "object_repr": "Аналитическая точка насосов Р-01А/В/С/Д",
    "action_flag": 2,
    "change_message": "[{\"changed\": {\"fields\": [\"Water type\"]}}]"
  }
},
{
  "model": "admin.logentry",
  "pk": 53,
  "fields": {
    "action_time": "2022-04-29T10:38:45.090",
    "user": 1,
    "content_type": 3,
    "object_id": "5",
    "object_repr": "consultant",
    "action_flag": 2,
    "change_message": "[{\"changed\": {\"fields\": [\"Email address\"]}}]"
  }
},
{
  "model": "admin.logentry",
  "pk": 54,
  "fields": {
    "action_time": "2022-04-29T10:40:25.095",
    "user": 1,
    "content_type": 30,
    "object_id": "3",
    "object_repr": "mail@mail.com",
    "action_flag": 2,
    "change_message": "[{\"changed\": {\"fields\": [\"User\"]}}]"
  }
},
{
  "model": "admin.logentry",
  "pk": 55,
  "fields": {
    "action_time": "2022-04-29T10:41:44.759",
    "user": 1,
    "content_type": 30,
    "object_id": "7",
    "object_repr": "ktussupbekov@yahoo.com",
    "action_flag": 2,
    "change_message": "[{\"changed\": {\"fields\": [\"Verified\", \"Primary\"]}}]"
  }
},
{
  "model": "admin.logentry",
  "pk": 56,
  "fields": {
    "action_time": "2022-04-29T10:43:46.259",
    "user": 1,
    "content_type": 2,
    "object_id": "3",
    "object_repr": "Начальник установки",
    "action_flag": 2,
    "change_message": "[{\"changed\": {\"fields\": [\"Permissions\"]}}]"
  }
},
{
  "model": "auth.permission",
  "pk": 1,
  "fields": {
    "name": "Can add permission",
    "content_type": 1,
    "codename": "add_permission"
  }
},
{
  "model": "auth.permission",
  "pk": 2,
  "fields": {
    "name": "Can change permission",
    "content_type": 1,
    "codename": "change_permission"
  }
},
{
  "model": "auth.permission",
  "pk": 3,
  "fields": {
    "name": "Can delete permission",
    "content_type": 1,
    "codename": "delete_permission"
  }
},
{
  "model": "auth.permission",
  "pk": 4,
  "fields": {
    "name": "Can view permission",
    "content_type": 1,
    "codename": "view_permission"
  }
},
{
  "model": "auth.permission",
  "pk": 5,
  "fields": {
    "name": "Can add group",
    "content_type": 2,
    "codename": "add_group"
  }
},
{
  "model": "auth.permission",
  "pk": 6,
  "fields": {
    "name": "Can change group",
    "content_type": 2,
    "codename": "change_group"
  }
},
{
  "model": "auth.permission",
  "pk": 7,
  "fields": {
    "name": "Can delete group",
    "content_type": 2,
    "codename": "delete_group"
  }
},
{
  "model": "auth.permission",
  "pk": 8,
  "fields": {
    "name": "Can view group",
    "content_type": 2,
    "codename": "view_group"
  }
},
{
  "model": "auth.permission",
  "pk": 9,
  "fields": {
    "name": "Can add user",
    "content_type": 3,
    "codename": "add_user"
  }
},
{
  "model": "auth.permission",
  "pk": 10,
  "fields": {
    "name": "Can change user",
    "content_type": 3,
    "codename": "change_user"
  }
},
{
  "model": "auth.permission",
  "pk": 11,
  "fields": {
    "name": "Can delete user",
    "content_type": 3,
    "codename": "delete_user"
  }
},
{
  "model": "auth.permission",
  "pk": 12,
  "fields": {
    "name": "Can view user",
    "content_type": 3,
    "codename": "view_user"
  }
},
{
  "model": "auth.permission",
  "pk": 13,
  "fields": {
    "name": "Can add content type",
    "content_type": 4,
    "codename": "add_contenttype"
  }
},
{
  "model": "auth.permission",
  "pk": 14,
  "fields": {
    "name": "Can change content type",
    "content_type": 4,
    "codename": "change_contenttype"
  }
},
{
  "model": "auth.permission",
  "pk": 15,
  "fields": {
    "name": "Can delete content type",
    "content_type": 4,
    "codename": "delete_contenttype"
  }
},
{
  "model": "auth.permission",
  "pk": 16,
  "fields": {
    "name": "Can view content type",
    "content_type": 4,
    "codename": "view_contenttype"
  }
},
{
  "model": "auth.permission",
  "pk": 17,
  "fields": {
    "name": "Can add component",
    "content_type": 5,
    "codename": "add_component"
  }
},
{
  "model": "auth.permission",
  "pk": 18,
  "fields": {
    "name": "Can change component",
    "content_type": 5,
    "codename": "change_component"
  }
},
{
  "model": "auth.permission",
  "pk": 19,
  "fields": {
    "name": "Can delete component",
    "content_type": 5,
    "codename": "delete_component"
  }
},
{
  "model": "auth.permission",
  "pk": 20,
  "fields": {
    "name": "Can view component",
    "content_type": 5,
    "codename": "view_component"
  }
},
{
  "model": "auth.permission",
  "pk": 21,
  "fields": {
    "name": "Can add notification",
    "content_type": 6,
    "codename": "add_notification"
  }
},
{
  "model": "auth.permission",
  "pk": 22,
  "fields": {
    "name": "Can change notification",
    "content_type": 6,
    "codename": "change_notification"
  }
},
{
  "model": "auth.permission",
  "pk": 23,
  "fields": {
    "name": "Can delete notification",
    "content_type": 6,
    "codename": "delete_notification"
  }
},
{
  "model": "auth.permission",
  "pk": 24,
  "fields": {
    "name": "Can view notification",
    "content_type": 6,
    "codename": "view_notification"
  }
},
{
  "model": "auth.permission",
  "pk": 25,
  "fields": {
    "name": "Can add Установка",
    "content_type": 7,
    "codename": "add_plantunit"
  }
},
{
  "model": "auth.permission",
  "pk": 26,
  "fields": {
    "name": "Can change Установка",
    "content_type": 7,
    "codename": "change_plantunit"
  }
},
{
  "model": "auth.permission",
  "pk": 27,
  "fields": {
    "name": "Can delete Установка",
    "content_type": 7,
    "codename": "delete_plantunit"
  }
},
{
  "model": "auth.permission",
  "pk": 28,
  "fields": {
    "name": "Can view Установка",
    "content_type": 7,
    "codename": "view_plantunit"
  }
},
{
  "model": "auth.permission",
  "pk": 29,
  "fields": {
    "name": "Can add Место отбора проб",
    "content_type": 8,
    "codename": "add_samplingsite"
  }
},
{
  "model": "auth.permission",
  "pk": 30,
  "fields": {
    "name": "Can change Место отбора проб",
    "content_type": 8,
    "codename": "change_samplingsite"
  }
},
{
  "model": "auth.permission",
  "pk": 31,
  "fields": {
    "name": "Can delete Место отбора проб",
    "content_type": 8,
    "codename": "delete_samplingsite"
  }
},
{
  "model": "auth.permission",
  "pk": 32,
  "fields": {
    "name": "Can view Место отбора проб",
    "content_type": 8,
    "codename": "view_samplingsite"
  }
},
{
  "model": "auth.permission",
  "pk": 33,
  "fields": {
    "name": "Can add task",
    "content_type": 9,
    "codename": "add_task"
  }
},
{
  "model": "auth.permission",
  "pk": 34,
  "fields": {
    "name": "Can change task",
    "content_type": 9,
    "codename": "change_task"
  }
},
{
  "model": "auth.permission",
  "pk": 35,
  "fields": {
    "name": "Can delete task",
    "content_type": 9,
    "codename": "delete_task"
  }
},
{
  "model": "auth.permission",
  "pk": 36,
  "fields": {
    "name": "Can view task",
    "content_type": 9,
    "codename": "view_task"
  }
},
{
  "model": "auth.permission",
  "pk": 37,
  "fields": {
    "name": "Can add water type",
    "content_type": 10,
    "codename": "add_watertype"
  }
},
{
  "model": "auth.permission",
  "pk": 38,
  "fields": {
    "name": "Can change water type",
    "content_type": 10,
    "codename": "change_watertype"
  }
},
{
  "model": "auth.permission",
  "pk": 39,
  "fields": {
    "name": "Can delete water type",
    "content_type": 10,
    "codename": "delete_watertype"
  }
},
{
  "model": "auth.permission",
  "pk": 40,
  "fields": {
    "name": "Can view water type",
    "content_type": 10,
    "codename": "view_watertype"
  }
},
{
  "model": "auth.permission",
  "pk": 45,
  "fields": {
    "name": "Can add components site9",
    "content_type": 12,
    "codename": "add_componentssite9"
  }
},
{
  "model": "auth.permission",
  "pk": 46,
  "fields": {
    "name": "Can change components site9",
    "content_type": 12,
    "codename": "change_componentssite9"
  }
},
{
  "model": "auth.permission",
  "pk": 47,
  "fields": {
    "name": "Can delete components site9",
    "content_type": 12,
    "codename": "delete_componentssite9"
  }
},
{
  "model": "auth.permission",
  "pk": 48,
  "fields": {
    "name": "Can view components site9",
    "content_type": 12,
    "codename": "view_componentssite9"
  }
},
{
  "model": "auth.permission",
  "pk": 49,
  "fields": {
    "name": "Can add components site8",
    "content_type": 13,
    "codename": "add_componentssite8"
  }
},
{
  "model": "auth.permission",
  "pk": 50,
  "fields": {
    "name": "Can change components site8",
    "content_type": 13,
    "codename": "change_componentssite8"
  }
},
{
  "model": "auth.permission",
  "pk": 51,
  "fields": {
    "name": "Can delete components site8",
    "content_type": 13,
    "codename": "delete_componentssite8"
  }
},
{
  "model": "auth.permission",
  "pk": 52,
  "fields": {
    "name": "Can view components site8",
    "content_type": 13,
    "codename": "view_componentssite8"
  }
},
{
  "model": "auth.permission",
  "pk": 53,
  "fields": {
    "name": "Can add components site7",
    "content_type": 14,
    "codename": "add_componentssite7"
  }
},
{
  "model": "auth.permission",
  "pk": 54,
  "fields": {
    "name": "Can change components site7",
    "content_type": 14,
    "codename": "change_componentssite7"
  }
},
{
  "model": "auth.permission",
  "pk": 55,
  "fields": {
    "name": "Can delete components site7",
    "content_type": 14,
    "codename": "delete_componentssite7"
  }
},
{
  "model": "auth.permission",
  "pk": 56,
  "fields": {
    "name": "Can view components site7",
    "content_type": 14,
    "codename": "view_componentssite7"
  }
},
{
  "model": "auth.permission",
  "pk": 57,
  "fields": {
    "name": "Can add components site6",
    "content_type": 15,
    "codename": "add_componentssite6"
  }
},
{
  "model": "auth.permission",
  "pk": 58,
  "fields": {
    "name": "Can change components site6",
    "content_type": 15,
    "codename": "change_componentssite6"
  }
},
{
  "model": "auth.permission",
  "pk": 59,
  "fields": {
    "name": "Can delete components site6",
    "content_type": 15,
    "codename": "delete_componentssite6"
  }
},
{
  "model": "auth.permission",
  "pk": 60,
  "fields": {
    "name": "Can view components site6",
    "content_type": 15,
    "codename": "view_componentssite6"
  }
},
{
  "model": "auth.permission",
  "pk": 61,
  "fields": {
    "name": "Can add components site5",
    "content_type": 16,
    "codename": "add_componentssite5"
  }
},
{
  "model": "auth.permission",
  "pk": 62,
  "fields": {
    "name": "Can change components site5",
    "content_type": 16,
    "codename": "change_componentssite5"
  }
},
{
  "model": "auth.permission",
  "pk": 63,
  "fields": {
    "name": "Can delete components site5",
    "content_type": 16,
    "codename": "delete_componentssite5"
  }
},
{
  "model": "auth.permission",
  "pk": 64,
  "fields": {
    "name": "Can view components site5",
    "content_type": 16,
    "codename": "view_componentssite5"
  }
},
{
  "model": "auth.permission",
  "pk": 65,
  "fields": {
    "name": "Can add components site4",
    "content_type": 17,
    "codename": "add_componentssite4"
  }
},
{
  "model": "auth.permission",
  "pk": 66,
  "fields": {
    "name": "Can change components site4",
    "content_type": 17,
    "codename": "change_componentssite4"
  }
},
{
  "model": "auth.permission",
  "pk": 67,
  "fields": {
    "name": "Can delete components site4",
    "content_type": 17,
    "codename": "delete_componentssite4"
  }
},
{
  "model": "auth.permission",
  "pk": 68,
  "fields": {
    "name": "Can view components site4",
    "content_type": 17,
    "codename": "view_componentssite4"
  }
},
{
  "model": "auth.permission",
  "pk": 69,
  "fields": {
    "name": "Can add components site3",
    "content_type": 18,
    "codename": "add_componentssite3"
  }
},
{
  "model": "auth.permission",
  "pk": 70,
  "fields": {
    "name": "Can change components site3",
    "content_type": 18,
    "codename": "change_componentssite3"
  }
},
{
  "model": "auth.permission",
  "pk": 71,
  "fields": {
    "name": "Can delete components site3",
    "content_type": 18,
    "codename": "delete_componentssite3"
  }
},
{
  "model": "auth.permission",
  "pk": 72,
  "fields": {
    "name": "Can view components site3",
    "content_type": 18,
    "codename": "view_componentssite3"
  }
},
{
  "model": "auth.permission",
  "pk": 73,
  "fields": {
    "name": "Can add components site2",
    "content_type": 19,
    "codename": "add_componentssite2"
  }
},
{
  "model": "auth.permission",
  "pk": 74,
  "fields": {
    "name": "Can change components site2",
    "content_type": 19,
    "codename": "change_componentssite2"
  }
},
{
  "model": "auth.permission",
  "pk": 75,
  "fields": {
    "name": "Can delete components site2",
    "content_type": 19,
    "codename": "delete_componentssite2"
  }
},
{
  "model": "auth.permission",
  "pk": 76,
  "fields": {
    "name": "Can view components site2",
    "content_type": 19,
    "codename": "view_componentssite2"
  }
},
{
  "model": "auth.permission",
  "pk": 77,
  "fields": {
    "name": "Can add components site14",
    "content_type": 20,
    "codename": "add_componentssite14"
  }
},
{
  "model": "auth.permission",
  "pk": 78,
  "fields": {
    "name": "Can change components site14",
    "content_type": 20,
    "codename": "change_componentssite14"
  }
},
{
  "model": "auth.permission",
  "pk": 79,
  "fields": {
    "name": "Can delete components site14",
    "content_type": 20,
    "codename": "delete_componentssite14"
  }
},
{
  "model": "auth.permission",
  "pk": 80,
  "fields": {
    "name": "Can view components site14",
    "content_type": 20,
    "codename": "view_componentssite14"
  }
},
{
  "model": "auth.permission",
  "pk": 81,
  "fields": {
    "name": "Can add components site13",
    "content_type": 21,
    "codename": "add_componentssite13"
  }
},
{
  "model": "auth.permission",
  "pk": 82,
  "fields": {
    "name": "Can change components site13",
    "content_type": 21,
    "codename": "change_componentssite13"
  }
},
{
  "model": "auth.permission",
  "pk": 83,
  "fields": {
    "name": "Can delete components site13",
    "content_type": 21,
    "codename": "delete_componentssite13"
  }
},
{
  "model": "auth.permission",
  "pk": 84,
  "fields": {
    "name": "Can view components site13",
    "content_type": 21,
    "codename": "view_componentssite13"
  }
},
{
  "model": "auth.permission",
  "pk": 85,
  "fields": {
    "name": "Can add components site12",
    "content_type": 22,
    "codename": "add_componentssite12"
  }
},
{
  "model": "auth.permission",
  "pk": 86,
  "fields": {
    "name": "Can change components site12",
    "content_type": 22,
    "codename": "change_componentssite12"
  }
},
{
  "model": "auth.permission",
  "pk": 87,
  "fields": {
    "name": "Can delete components site12",
    "content_type": 22,
    "codename": "delete_componentssite12"
  }
},
{
  "model": "auth.permission",
  "pk": 88,
  "fields": {
    "name": "Can view components site12",
    "content_type": 22,
    "codename": "view_componentssite12"
  }
},
{
  "model": "auth.permission",
  "pk": 89,
  "fields": {
    "name": "Can add components site11",
    "content_type": 23,
    "codename": "add_componentssite11"
  }
},
{
  "model": "auth.permission",
  "pk": 90,
  "fields": {
    "name": "Can change components site11",
    "content_type": 23,
    "codename": "change_componentssite11"
  }
},
{
  "model": "auth.permission",
  "pk": 91,
  "fields": {
    "name": "Can delete components site11",
    "content_type": 23,
    "codename": "delete_componentssite11"
  }
},
{
  "model": "auth.permission",
  "pk": 92,
  "fields": {
    "name": "Can view components site11",
    "content_type": 23,
    "codename": "view_componentssite11"
  }
},
{
  "model": "auth.permission",
  "pk": 93,
  "fields": {
    "name": "Can add components site10",
    "content_type": 24,
    "codename": "add_componentssite10"
  }
},
{
  "model": "auth.permission",
  "pk": 94,
  "fields": {
    "name": "Can change components site10",
    "content_type": 24,
    "codename": "change_componentssite10"
  }
},
{
  "model": "auth.permission",
  "pk": 95,
  "fields": {
    "name": "Can delete components site10",
    "content_type": 24,
    "codename": "delete_componentssite10"
  }
},
{
  "model": "auth.permission",
  "pk": 96,
  "fields": {
    "name": "Can view components site10",
    "content_type": 24,
    "codename": "view_componentssite10"
  }
},
{
  "model": "auth.permission",
  "pk": 97,
  "fields": {
    "name": "Can add components site1",
    "content_type": 25,
    "codename": "add_componentssite1"
  }
},
{
  "model": "auth.permission",
  "pk": 98,
  "fields": {
    "name": "Can change components site1",
    "content_type": 25,
    "codename": "change_componentssite1"
  }
},
{
  "model": "auth.permission",
  "pk": 99,
  "fields": {
    "name": "Can delete components site1",
    "content_type": 25,
    "codename": "delete_componentssite1"
  }
},
{
  "model": "auth.permission",
  "pk": 100,
  "fields": {
    "name": "Can view components site1",
    "content_type": 25,
    "codename": "view_componentssite1"
  }
},
{
  "model": "auth.permission",
  "pk": 101,
  "fields": {
    "name": "Can add log entry",
    "content_type": 26,
    "codename": "add_logentry"
  }
},
{
  "model": "auth.permission",
  "pk": 102,
  "fields": {
    "name": "Can change log entry",
    "content_type": 26,
    "codename": "change_logentry"
  }
},
{
  "model": "auth.permission",
  "pk": 103,
  "fields": {
    "name": "Can delete log entry",
    "content_type": 26,
    "codename": "delete_logentry"
  }
},
{
  "model": "auth.permission",
  "pk": 104,
  "fields": {
    "name": "Can view log entry",
    "content_type": 26,
    "codename": "view_logentry"
  }
},
{
  "model": "auth.permission",
  "pk": 105,
  "fields": {
    "name": "Can add session",
    "content_type": 27,
    "codename": "add_session"
  }
},
{
  "model": "auth.permission",
  "pk": 106,
  "fields": {
    "name": "Can change session",
    "content_type": 27,
    "codename": "change_session"
  }
},
{
  "model": "auth.permission",
  "pk": 107,
  "fields": {
    "name": "Can delete session",
    "content_type": 27,
    "codename": "delete_session"
  }
},
{
  "model": "auth.permission",
  "pk": 108,
  "fields": {
    "name": "Can view session",
    "content_type": 27,
    "codename": "view_session"
  }
},
{
  "model": "auth.permission",
  "pk": 109,
  "fields": {
    "name": "Can add customers",
    "content_type": 28,
    "codename": "add_customers"
  }
},
{
  "model": "auth.permission",
  "pk": 110,
  "fields": {
    "name": "Can change customers",
    "content_type": 28,
    "codename": "change_customers"
  }
},
{
  "model": "auth.permission",
  "pk": 111,
  "fields": {
    "name": "Can delete customers",
    "content_type": 28,
    "codename": "delete_customers"
  }
},
{
  "model": "auth.permission",
  "pk": 112,
  "fields": {
    "name": "Can view customers",
    "content_type": 28,
    "codename": "view_customers"
  }
},
{
  "model": "auth.permission",
  "pk": 113,
  "fields": {
    "name": "Can add site",
    "content_type": 29,
    "codename": "add_site"
  }
},
{
  "model": "auth.permission",
  "pk": 114,
  "fields": {
    "name": "Can change site",
    "content_type": 29,
    "codename": "change_site"
  }
},
{
  "model": "auth.permission",
  "pk": 115,
  "fields": {
    "name": "Can delete site",
    "content_type": 29,
    "codename": "delete_site"
  }
},
{
  "model": "auth.permission",
  "pk": 116,
  "fields": {
    "name": "Can view site",
    "content_type": 29,
    "codename": "view_site"
  }
},
{
  "model": "auth.permission",
  "pk": 117,
  "fields": {
    "name": "Can add email address",
    "content_type": 30,
    "codename": "add_emailaddress"
  }
},
{
  "model": "auth.permission",
  "pk": 118,
  "fields": {
    "name": "Can change email address",
    "content_type": 30,
    "codename": "change_emailaddress"
  }
},
{
  "model": "auth.permission",
  "pk": 119,
  "fields": {
    "name": "Can delete email address",
    "content_type": 30,
    "codename": "delete_emailaddress"
  }
},
{
  "model": "auth.permission",
  "pk": 120,
  "fields": {
    "name": "Can view email address",
    "content_type": 30,
    "codename": "view_emailaddress"
  }
},
{
  "model": "auth.permission",
  "pk": 121,
  "fields": {
    "name": "Can add email confirmation",
    "content_type": 31,
    "codename": "add_emailconfirmation"
  }
},
{
  "model": "auth.permission",
  "pk": 122,
  "fields": {
    "name": "Can change email confirmation",
    "content_type": 31,
    "codename": "change_emailconfirmation"
  }
},
{
  "model": "auth.permission",
  "pk": 123,
  "fields": {
    "name": "Can delete email confirmation",
    "content_type": 31,
    "codename": "delete_emailconfirmation"
  }
},
{
  "model": "auth.permission",
  "pk": 124,
  "fields": {
    "name": "Can view email confirmation",
    "content_type": 31,
    "codename": "view_emailconfirmation"
  }
},
{
  "model": "auth.permission",
  "pk": 125,
  "fields": {
    "name": "Can add social account",
    "content_type": 32,
    "codename": "add_socialaccount"
  }
},
{
  "model": "auth.permission",
  "pk": 126,
  "fields": {
    "name": "Can change social account",
    "content_type": 32,
    "codename": "change_socialaccount"
  }
},
{
  "model": "auth.permission",
  "pk": 127,
  "fields": {
    "name": "Can delete social account",
    "content_type": 32,
    "codename": "delete_socialaccount"
  }
},
{
  "model": "auth.permission",
  "pk": 128,
  "fields": {
    "name": "Can view social account",
    "content_type": 32,
    "codename": "view_socialaccount"
  }
},
{
  "model": "auth.permission",
  "pk": 129,
  "fields": {
    "name": "Can add social application",
    "content_type": 33,
    "codename": "add_socialapp"
  }
},
{
  "model": "auth.permission",
  "pk": 130,
  "fields": {
    "name": "Can change social application",
    "content_type": 33,
    "codename": "change_socialapp"
  }
},
{
  "model": "auth.permission",
  "pk": 131,
  "fields": {
    "name": "Can delete social application",
    "content_type": 33,
    "codename": "delete_socialapp"
  }
},
{
  "model": "auth.permission",
  "pk": 132,
  "fields": {
    "name": "Can view social application",
    "content_type": 33,
    "codename": "view_socialapp"
  }
},
{
  "model": "auth.permission",
  "pk": 133,
  "fields": {
    "name": "Can add social application token",
    "content_type": 34,
    "codename": "add_socialtoken"
  }
},
{
  "model": "auth.permission",
  "pk": 134,
  "fields": {
    "name": "Can change social application token",
    "content_type": 34,
    "codename": "change_socialtoken"
  }
},
{
  "model": "auth.permission",
  "pk": 135,
  "fields": {
    "name": "Can delete social application token",
    "content_type": 34,
    "codename": "delete_socialtoken"
  }
},
{
  "model": "auth.permission",
  "pk": 136,
  "fields": {
    "name": "Can view social application token",
    "content_type": 34,
    "codename": "view_socialtoken"
  }
},
{
  "model": "auth.permission",
  "pk": 137,
  "fields": {
    "name": "Can add status",
    "content_type": 35,
    "codename": "add_status"
  }
},
{
  "model": "auth.permission",
  "pk": 138,
  "fields": {
    "name": "Can change status",
    "content_type": 35,
    "codename": "change_status"
  }
},
{
  "model": "auth.permission",
  "pk": 139,
  "fields": {
    "name": "Can delete status",
    "content_type": 35,
    "codename": "delete_status"
  }
},
{
  "model": "auth.permission",
  "pk": 140,
  "fields": {
    "name": "Can view status",
    "content_type": 35,
    "codename": "view_status"
  }
},
{
  "model": "auth.permission",
  "pk": 141,
  "fields": {
    "name": "Can add profile",
    "content_type": 36,
    "codename": "add_profile"
  }
},
{
  "model": "auth.permission",
  "pk": 142,
  "fields": {
    "name": "Can change profile",
    "content_type": 36,
    "codename": "change_profile"
  }
},
{
  "model": "auth.permission",
  "pk": 143,
  "fields": {
    "name": "Can delete profile",
    "content_type": 36,
    "codename": "delete_profile"
  }
},
{
  "model": "auth.permission",
  "pk": 144,
  "fields": {
    "name": "Can view profile",
    "content_type": 36,
    "codename": "view_profile"
  }
},
{
  "model": "auth.permission",
  "pk": 145,
  "fields": {
    "name": "Can add task",
    "content_type": 37,
    "codename": "add_task"
  }
},
{
  "model": "auth.permission",
  "pk": 146,
  "fields": {
    "name": "Can change task",
    "content_type": 37,
    "codename": "change_task"
  }
},
{
  "model": "auth.permission",
  "pk": 147,
  "fields": {
    "name": "Can delete task",
    "content_type": 37,
    "codename": "delete_task"
  }
},
{
  "model": "auth.permission",
  "pk": 148,
  "fields": {
    "name": "Can view task",
    "content_type": 37,
    "codename": "view_task"
  }
},
{
  "model": "auth.permission",
  "pk": 149,
  "fields": {
    "name": "Can add comment",
    "content_type": 38,
    "codename": "add_comment"
  }
},
{
  "model": "auth.permission",
  "pk": 150,
  "fields": {
    "name": "Can change comment",
    "content_type": 38,
    "codename": "change_comment"
  }
},
{
  "model": "auth.permission",
  "pk": 151,
  "fields": {
    "name": "Can delete comment",
    "content_type": 38,
    "codename": "delete_comment"
  }
},
{
  "model": "auth.permission",
  "pk": 152,
  "fields": {
    "name": "Can view comment",
    "content_type": 38,
    "codename": "view_comment"
  }
},
{
  "model": "auth.permission",
  "pk": 153,
  "fields": {
    "name": "Can add historical task",
    "content_type": 39,
    "codename": "add_historicaltask"
  }
},
{
  "model": "auth.permission",
  "pk": 154,
  "fields": {
    "name": "Can change historical task",
    "content_type": 39,
    "codename": "change_historicaltask"
  }
},
{
  "model": "auth.permission",
  "pk": 155,
  "fields": {
    "name": "Can delete historical task",
    "content_type": 39,
    "codename": "delete_historicaltask"
  }
},
{
  "model": "auth.permission",
  "pk": 156,
  "fields": {
    "name": "Can view historical task",
    "content_type": 39,
    "codename": "view_historicaltask"
  }
},
{
  "model": "auth.permission",
  "pk": 157,
  "fields": {
    "name": "Can add changes tracker",
    "content_type": 40,
    "codename": "add_changestracker"
  }
},
{
  "model": "auth.permission",
  "pk": 158,
  "fields": {
    "name": "Can change changes tracker",
    "content_type": 40,
    "codename": "change_changestracker"
  }
},
{
  "model": "auth.permission",
  "pk": 159,
  "fields": {
    "name": "Can delete changes tracker",
    "content_type": 40,
    "codename": "delete_changestracker"
  }
},
{
  "model": "auth.permission",
  "pk": 160,
  "fields": {
    "name": "Can view changes tracker",
    "content_type": 40,
    "codename": "view_changestracker"
  }
},
{
  "model": "auth.permission",
  "pk": 161,
  "fields": {
    "name": "Can add crontab",
    "content_type": 41,
    "codename": "add_crontabschedule"
  }
},
{
  "model": "auth.permission",
  "pk": 162,
  "fields": {
    "name": "Can change crontab",
    "content_type": 41,
    "codename": "change_crontabschedule"
  }
},
{
  "model": "auth.permission",
  "pk": 163,
  "fields": {
    "name": "Can delete crontab",
    "content_type": 41,
    "codename": "delete_crontabschedule"
  }
},
{
  "model": "auth.permission",
  "pk": 164,
  "fields": {
    "name": "Can view crontab",
    "content_type": 41,
    "codename": "view_crontabschedule"
  }
},
{
  "model": "auth.permission",
  "pk": 165,
  "fields": {
    "name": "Can add interval",
    "content_type": 42,
    "codename": "add_intervalschedule"
  }
},
{
  "model": "auth.permission",
  "pk": 166,
  "fields": {
    "name": "Can change interval",
    "content_type": 42,
    "codename": "change_intervalschedule"
  }
},
{
  "model": "auth.permission",
  "pk": 167,
  "fields": {
    "name": "Can delete interval",
    "content_type": 42,
    "codename": "delete_intervalschedule"
  }
},
{
  "model": "auth.permission",
  "pk": 168,
  "fields": {
    "name": "Can view interval",
    "content_type": 42,
    "codename": "view_intervalschedule"
  }
},
{
  "model": "auth.permission",
  "pk": 169,
  "fields": {
    "name": "Can add periodic task",
    "content_type": 43,
    "codename": "add_periodictask"
  }
},
{
  "model": "auth.permission",
  "pk": 170,
  "fields": {
    "name": "Can change periodic task",
    "content_type": 43,
    "codename": "change_periodictask"
  }
},
{
  "model": "auth.permission",
  "pk": 171,
  "fields": {
    "name": "Can delete periodic task",
    "content_type": 43,
    "codename": "delete_periodictask"
  }
},
{
  "model": "auth.permission",
  "pk": 172,
  "fields": {
    "name": "Can view periodic task",
    "content_type": 43,
    "codename": "view_periodictask"
  }
},
{
  "model": "auth.permission",
  "pk": 173,
  "fields": {
    "name": "Can add periodic tasks",
    "content_type": 44,
    "codename": "add_periodictasks"
  }
},
{
  "model": "auth.permission",
  "pk": 174,
  "fields": {
    "name": "Can change periodic tasks",
    "content_type": 44,
    "codename": "change_periodictasks"
  }
},
{
  "model": "auth.permission",
  "pk": 175,
  "fields": {
    "name": "Can delete periodic tasks",
    "content_type": 44,
    "codename": "delete_periodictasks"
  }
},
{
  "model": "auth.permission",
  "pk": 176,
  "fields": {
    "name": "Can view periodic tasks",
    "content_type": 44,
    "codename": "view_periodictasks"
  }
},
{
  "model": "auth.permission",
  "pk": 177,
  "fields": {
    "name": "Can add solar event",
    "content_type": 45,
    "codename": "add_solarschedule"
  }
},
{
  "model": "auth.permission",
  "pk": 178,
  "fields": {
    "name": "Can change solar event",
    "content_type": 45,
    "codename": "change_solarschedule"
  }
},
{
  "model": "auth.permission",
  "pk": 179,
  "fields": {
    "name": "Can delete solar event",
    "content_type": 45,
    "codename": "delete_solarschedule"
  }
},
{
  "model": "auth.permission",
  "pk": 180,
  "fields": {
    "name": "Can view solar event",
    "content_type": 45,
    "codename": "view_solarschedule"
  }
},
{
  "model": "auth.permission",
  "pk": 181,
  "fields": {
    "name": "Can add clocked",
    "content_type": 46,
    "codename": "add_clockedschedule"
  }
},
{
  "model": "auth.permission",
  "pk": 182,
  "fields": {
    "name": "Can change clocked",
    "content_type": 46,
    "codename": "change_clockedschedule"
  }
},
{
  "model": "auth.permission",
  "pk": 183,
  "fields": {
    "name": "Can delete clocked",
    "content_type": 46,
    "codename": "delete_clockedschedule"
  }
},
{
  "model": "auth.permission",
  "pk": 184,
  "fields": {
    "name": "Can view clocked",
    "content_type": 46,
    "codename": "view_clockedschedule"
  }
},
{
  "model": "auth.permission",
  "pk": 185,
  "fields": {
    "name": "Can add additional components",
    "content_type": 47,
    "codename": "add_additionalcomponents"
  }
},
{
  "model": "auth.permission",
  "pk": 186,
  "fields": {
    "name": "Can change additional components",
    "content_type": 47,
    "codename": "change_additionalcomponents"
  }
},
{
  "model": "auth.permission",
  "pk": 187,
  "fields": {
    "name": "Can delete additional components",
    "content_type": 47,
    "codename": "delete_additionalcomponents"
  }
},
{
  "model": "auth.permission",
  "pk": 188,
  "fields": {
    "name": "Can view additional components",
    "content_type": 47,
    "codename": "view_additionalcomponents"
  }
},
{
  "model": "auth.permission",
  "pk": 189,
  "fields": {
    "name": "Can add components site16",
    "content_type": 48,
    "codename": "add_componentssite16"
  }
},
{
  "model": "auth.permission",
  "pk": 190,
  "fields": {
    "name": "Can change components site16",
    "content_type": 48,
    "codename": "change_componentssite16"
  }
},
{
  "model": "auth.permission",
  "pk": 191,
  "fields": {
    "name": "Can delete components site16",
    "content_type": 48,
    "codename": "delete_componentssite16"
  }
},
{
  "model": "auth.permission",
  "pk": 192,
  "fields": {
    "name": "Can view components site16",
    "content_type": 48,
    "codename": "view_componentssite16"
  }
},
{
  "model": "auth.permission",
  "pk": 193,
  "fields": {
    "name": "Can add components site15",
    "content_type": 49,
    "codename": "add_componentssite15"
  }
},
{
  "model": "auth.permission",
  "pk": 194,
  "fields": {
    "name": "Can change components site15",
    "content_type": 49,
    "codename": "change_componentssite15"
  }
},
{
  "model": "auth.permission",
  "pk": 195,
  "fields": {
    "name": "Can delete components site15",
    "content_type": 49,
    "codename": "delete_componentssite15"
  }
},
{
  "model": "auth.permission",
  "pk": 196,
  "fields": {
    "name": "Can view components site15",
    "content_type": 49,
    "codename": "view_componentssite15"
  }
},
{
  "model": "auth.permission",
  "pk": 197,
  "fields": {
    "name": "Can add components site",
    "content_type": 50,
    "codename": "add_componentssite"
  }
},
{
  "model": "auth.permission",
  "pk": 198,
  "fields": {
    "name": "Can change components site",
    "content_type": 50,
    "codename": "change_componentssite"
  }
},
{
  "model": "auth.permission",
  "pk": 199,
  "fields": {
    "name": "Can delete components site",
    "content_type": 50,
    "codename": "delete_componentssite"
  }
},
{
  "model": "auth.permission",
  "pk": 200,
  "fields": {
    "name": "Can view components site",
    "content_type": 50,
    "codename": "view_componentssite"
  }
},
{
  "model": "auth.permission",
  "pk": 201,
  "fields": {
    "name": "Can add additional calculations",
    "content_type": 51,
    "codename": "add_additionalcalculations"
  }
},
{
  "model": "auth.permission",
  "pk": 202,
  "fields": {
    "name": "Can change additional calculations",
    "content_type": 51,
    "codename": "change_additionalcalculations"
  }
},
{
  "model": "auth.permission",
  "pk": 203,
  "fields": {
    "name": "Can delete additional calculations",
    "content_type": 51,
    "codename": "delete_additionalcalculations"
  }
},
{
  "model": "auth.permission",
  "pk": 204,
  "fields": {
    "name": "Can view additional calculations",
    "content_type": 51,
    "codename": "view_additionalcalculations"
  }
},
{
  "model": "auth.group",
  "pk": 1,
  "fields": {
    "name": "Топ менеджмент",
    "permissions": [
      20,
      100,
      24,
      28,
      32,
      138,
      140,
      36,
      40,
      149,
      150,
      151,
      152
    ]
  }
},
{
  "model": "auth.group",
  "pk": 2,
  "fields": {
    "name": "Сотрудники",
    "permissions": [
      20,
      100,
      24,
      28,
      32,
      138,
      140,
      36,
      40,
      149,
      150,
      151,
      152
    ]
  }
},
{
  "model": "auth.group",
  "pk": 3,
  "fields": {
    "name": "Начальник установки",
    "permissions": [
      185,
      20,
      100,
      24,
      28,
      32,
      138,
      140,
      33,
      34,
      35,
      36,
      40,
      149,
      150,
      151,
      152
    ]
  }
},
{
  "model": "auth.group",
  "pk": 4,
  "fields": {
    "name": "Лаборант",
    "permissions": [
      97
    ]
  }
},
{
  "model": "auth.user",
  "pk": 1,
  "fields": {
    "password": "pbkdf2_sha256$260000$A0ZsHtgHe2BPhUwLZrLSmE$KnVy1FMUUMlSVc9FdCOVFBtiW3mEHAHvoDuah7gES0s=",
    "last_login": "2022-05-12T10:31:27.449",
    "is_superuser": true,
    "username": "admin",
    "first_name": "admin",
    "last_name": "adminov",
    "email": "",
    "is_staff": true,
    "is_active": true,
    "date_joined": "2022-03-29T17:34:47",
    "groups": [
      1,
      2,
      3,
      4
    ],
    "user_permissions": [
      117,
      118,
      119,
      120,
      121,
      122,
      123,
      124,
      141,
      142,
      143,
      144,
      101,
      102,
      103,
      104,
      5,
      6,
      7,
      8,
      1,
      2,
      3,
      4,
      9,
      10,
      11,
      12,
      13,
      14,
      15,
      16,
      109,
      110,
      111,
      112,
      17,
      18,
      19,
      20,
      97,
      98,
      99,
      100,
      93,
      94,
      95,
      96,
      89,
      90,
      91,
      92,
      85,
      86,
      87,
      88,
      81,
      82,
      83,
      84,
      77,
      78,
      79,
      80,
      73,
      74,
      75,
      76,
      69,
      70,
      71,
      72,
      65,
      66,
      67,
      68,
      61,
      62,
      63,
      64,
      57,
      58,
      59,
      60,
      53,
      54,
      55,
      56,
      49,
      50,
      51,
      52,
      45,
      46,
      47,
      48,
      21,
      22,
      23,
      24,
      25,
      26,
      27,
      28,
      29,
      30,
      31,
      32,
      137,
      138,
      139,
      140,
      33,
      34,
      35,
      36,
      37,
      38,
      39,
      40,
      105,
      106,
      107,
      108,
      113,
      114,
      115,
      116,
      125,
      126,
      127,
      128,
      129,
      130,
      131,
      132,
      133,
      134,
      135,
      136,
      149,
      150,
      151,
      152
    ]
  }
},
{
  "model": "contenttypes.contenttype",
  "pk": 1,
  "fields": {
    "app_label": "auth",
    "model": "permission"
  }
},
{
  "model": "contenttypes.contenttype",
  "pk": 2,
  "fields": {
    "app_label": "auth",
    "model": "group"
  }
},
{
  "model": "contenttypes.contenttype",
  "pk": 3,
  "fields": {
    "app_label": "auth",
    "model": "user"
  }
},
{
  "model": "contenttypes.contenttype",
  "pk": 4,
  "fields": {
    "app_label": "contenttypes",
    "model": "contenttype"
  }
},
{
  "model": "contenttypes.contenttype",
  "pk": 5,
  "fields": {
    "app_label": "projects",
    "model": "component"
  }
},
{
  "model": "contenttypes.contenttype",
  "pk": 6,
  "fields": {
    "app_label": "projects",
    "model": "notification"
  }
},
{
  "model": "contenttypes.contenttype",
  "pk": 7,
  "fields": {
    "app_label": "projects",
    "model": "plantunit"
  }
},
{
  "model": "contenttypes.contenttype",
  "pk": 8,
  "fields": {
    "app_label": "projects",
    "model": "samplingsite"
  }
},
{
  "model": "contenttypes.contenttype",
  "pk": 9,
  "fields": {
    "app_label": "projects",
    "model": "task"
  }
},
{
  "model": "contenttypes.contenttype",
  "pk": 10,
  "fields": {
    "app_label": "projects",
    "model": "watertype"
  }
},
{
  "model": "contenttypes.contenttype",
  "pk": 11,
  "fields": {
    "app_label": "projects",
    "model": "taskassign"
  }
},
{
  "model": "contenttypes.contenttype",
  "pk": 12,
  "fields": {
    "app_label": "projects",
    "model": "componentssite9"
  }
},
{
  "model": "contenttypes.contenttype",
  "pk": 13,
  "fields": {
    "app_label": "projects",
    "model": "componentssite8"
  }
},
{
  "model": "contenttypes.contenttype",
  "pk": 14,
  "fields": {
    "app_label": "projects",
    "model": "componentssite7"
  }
},
{
  "model": "contenttypes.contenttype",
  "pk": 15,
  "fields": {
    "app_label": "projects",
    "model": "componentssite6"
  }
},
{
  "model": "contenttypes.contenttype",
  "pk": 16,
  "fields": {
    "app_label": "projects",
    "model": "componentssite5"
  }
},
{
  "model": "contenttypes.contenttype",
  "pk": 17,
  "fields": {
    "app_label": "projects",
    "model": "componentssite4"
  }
},
{
  "model": "contenttypes.contenttype",
  "pk": 18,
  "fields": {
    "app_label": "projects",
    "model": "componentssite3"
  }
},
{
  "model": "contenttypes.contenttype",
  "pk": 19,
  "fields": {
    "app_label": "projects",
    "model": "componentssite2"
  }
},
{
  "model": "contenttypes.contenttype",
  "pk": 20,
  "fields": {
    "app_label": "projects",
    "model": "componentssite14"
  }
},
{
  "model": "contenttypes.contenttype",
  "pk": 21,
  "fields": {
    "app_label": "projects",
    "model": "componentssite13"
  }
},
{
  "model": "contenttypes.contenttype",
  "pk": 22,
  "fields": {
    "app_label": "projects",
    "model": "componentssite12"
  }
},
{
  "model": "contenttypes.contenttype",
  "pk": 23,
  "fields": {
    "app_label": "projects",
    "model": "componentssite11"
  }
},
{
  "model": "contenttypes.contenttype",
  "pk": 24,
  "fields": {
    "app_label": "projects",
    "model": "componentssite10"
  }
},
{
  "model": "contenttypes.contenttype",
  "pk": 25,
  "fields": {
    "app_label": "projects",
    "model": "componentssite1"
  }
},
{
  "model": "contenttypes.contenttype",
  "pk": 26,
  "fields": {
    "app_label": "admin",
    "model": "logentry"
  }
},
{
  "model": "contenttypes.contenttype",
  "pk": 27,
  "fields": {
    "app_label": "sessions",
    "model": "session"
  }
},
{
  "model": "contenttypes.contenttype",
  "pk": 28,
  "fields": {
    "app_label": "ecommerce",
    "model": "customers"
  }
},
{
  "model": "contenttypes.contenttype",
  "pk": 29,
  "fields": {
    "app_label": "sites",
    "model": "site"
  }
},
{
  "model": "contenttypes.contenttype",
  "pk": 30,
  "fields": {
    "app_label": "account",
    "model": "emailaddress"
  }
},
{
  "model": "contenttypes.contenttype",
  "pk": 31,
  "fields": {
    "app_label": "account",
    "model": "emailconfirmation"
  }
},
{
  "model": "contenttypes.contenttype",
  "pk": 32,
  "fields": {
    "app_label": "socialaccount",
    "model": "socialaccount"
  }
},
{
  "model": "contenttypes.contenttype",
  "pk": 33,
  "fields": {
    "app_label": "socialaccount",
    "model": "socialapp"
  }
},
{
  "model": "contenttypes.contenttype",
  "pk": 34,
  "fields": {
    "app_label": "socialaccount",
    "model": "socialtoken"
  }
},
{
  "model": "contenttypes.contenttype",
  "pk": 35,
  "fields": {
    "app_label": "projects",
    "model": "status"
  }
},
{
  "model": "contenttypes.contenttype",
  "pk": 36,
  "fields": {
    "app_label": "accounts",
    "model": "profile"
  }
},
{
  "model": "contenttypes.contenttype",
  "pk": 37,
  "fields": {
    "app_label": "tasks",
    "model": "task"
  }
},
{
  "model": "contenttypes.contenttype",
  "pk": 38,
  "fields": {
    "app_label": "tasks",
    "model": "comment"
  }
},
{
  "model": "contenttypes.contenttype",
  "pk": 39,
  "fields": {
    "app_label": "tasks",
    "model": "historicaltask"
  }
},
{
  "model": "contenttypes.contenttype",
  "pk": 40,
  "fields": {
    "app_label": "tasks",
    "model": "changestracker"
  }
},
{
  "model": "contenttypes.contenttype",
  "pk": 41,
  "fields": {
    "app_label": "django_celery_beat",
    "model": "crontabschedule"
  }
},
{
  "model": "contenttypes.contenttype",
  "pk": 42,
  "fields": {
    "app_label": "django_celery_beat",
    "model": "intervalschedule"
  }
},
{
  "model": "contenttypes.contenttype",
  "pk": 43,
  "fields": {
    "app_label": "django_celery_beat",
    "model": "periodictask"
  }
},
{
  "model": "contenttypes.contenttype",
  "pk": 44,
  "fields": {
    "app_label": "django_celery_beat",
    "model": "periodictasks"
  }
},
{
  "model": "contenttypes.contenttype",
  "pk": 45,
  "fields": {
    "app_label": "django_celery_beat",
    "model": "solarschedule"
  }
},
{
  "model": "contenttypes.contenttype",
  "pk": 46,
  "fields": {
    "app_label": "django_celery_beat",
    "model": "clockedschedule"
  }
},
{
  "model": "contenttypes.contenttype",
  "pk": 47,
  "fields": {
    "app_label": "projects",
    "model": "additionalcomponents"
  }
},
{
  "model": "contenttypes.contenttype",
  "pk": 48,
  "fields": {
    "app_label": "projects",
    "model": "componentssite16"
  }
},
{
  "model": "contenttypes.contenttype",
  "pk": 49,
  "fields": {
    "app_label": "projects",
    "model": "componentssite15"
  }
},
{
  "model": "contenttypes.contenttype",
  "pk": 50,
  "fields": {
    "app_label": "projects",
    "model": "componentssite"
  }
},
{
  "model": "contenttypes.contenttype",
  "pk": 51,
  "fields": {
    "app_label": "projects",
    "model": "additionalcalculations"
  }
},
{
  "model": "sessions.session",
  "pk": "0dcf5c1fklvjs1jnrlhzlk0r2mmsz89l",
  "fields": {
    "session_data": ".eJxVjMsOwiAURP-FtSGUVx9L934DuXBvLWqgKW2iMf67JelCl3POzLyZg22d3FZocRHZwBp2-mUewp1SFXiDdM085LQu0fNa4Yct_JKRHuej-3cwQZn29eiDaHWjlBpHC3uSqLuO2t5KAFsZaiPR6CDAGAJQSqDxshE9WYG2nhYqJebk6DnH5cUG8fkCrpA_jQ:1nkOjg:moiyjQuMGEg9xUs0sUP00Oyq5yIq9FTECs0_Sd_rNTM",
    "expire_date": "2022-05-13T17:24:32.630"
  }
},
{
  "model": "sessions.session",
  "pk": "5aks1a8mz86o3loomd7dsqhpy7tv8c2d",
  "fields": {
    "session_data": ".eJxVjMsOwiAURP-FtSGUVx9L934DuXBvLWqgKW2iMf67JelCl3POzLyZg22d3FZocRHZwBp2-mUewp1SFXiDdM085LQu0fNa4Yct_JKRHuej-3cwQZn29eiDaHWjlBpHC3uSqLuO2t5KAFsZaiPR6CDAGAJQSqDxshE9WYG2nhYqJebk6DnH5cUG8fkCrpA_jQ:1np0U3:vJOFF2ijte4HpBJhW1itixC3pV-haCjo7g0GGdXWNhw",
    "expire_date": "2022-05-26T10:31:27.452"
  }
},
{
  "model": "sessions.session",
  "pk": "5i515aigbcebmidv85mgeqjjpcizhee4",
  "fields": {
    "session_data": ".eJxVjMsOwiAQRf-FtSG8hLZL934DAWbGogaa0iYa479rky50e8-558V8WJfRrw1nn4ENTLPD7xZDumHZAFxDuVSealnmHPmm8J02fq6A99Pu_gXG0MbvG61L2lkDmII8SjJSJwVWEEhSrrfKGKeF6yAiSkWi0wFIyZ507C3ZuEUbtpZr8fiY8vxkg3h_AIYoPxU:1nhqAe:YQ0bWOOYbCsCncOZiTt3GDwh0EJkSsw8T9LuUKuqrow",
    "expire_date": "2022-05-06T16:05:48.407"
  }
},
{
  "model": "sessions.session",
  "pk": "5tdg7zxreio8i6gvghckei74qnl6wrmk",
  "fields": {
    "session_data": ".eJxVjEsOwjAMBe-SNYrycb9L9pwhcm2XBlCCmlYCIe4OlbqA7Zt581IB12UKa5E5RFa9surwuw1IV0kb4Aumc9aU0zLHQW-K3mnRp8xyO-7uX2DCMn3fvm4aEsMOPHhLxkpLZkSPziET29q2IANDBdCRc64zjsYKbN2KGKRqixYpJeYU5HGP81P15v0Bcmk-vg:1nbJ7w:zdoktHEAmjH2I6Ny7xuRFUwAdWEC4KnsGT8E3UC-LUY",
    "expire_date": "2022-04-18T15:36:00.574"
  }
},
{
  "model": "sessions.session",
  "pk": "8blfsw3eua9osvwup6fvc2iwjhc1iop8",
  "fields": {
    "session_data": ".eJxVjEsOwjAMBe-SNYrycb9L9pwhcm2XBlCCmlYCIe4OlbqA7Zt581IB12UKa5E5RFa9surwuw1IV0kb4Aumc9aU0zLHQW-K3mnRp8xyO-7uX2DCMn3fvm4aEsMOPHhLxkpLZkSPziET29q2IANDBdCRc64zjsYKbN2KGKRqixYpJeYU5HGP81P15v0Bcmk-vg:1nh9HU:m4H6SHDNgh15KW5EQ02ksGp6F2MLoIv_qViAgIwSoD4",
    "expire_date": "2022-05-04T18:18:00.695"
  }
},
{
  "model": "sessions.session",
  "pk": "8usvgm967m26ipinudq66dp1129zcl3i",
  "fields": {
    "session_data": ".eJxVjMsOwiAURP-FtSGUVx9L934DuXBvLWqgKW2iMf67JelCl3POzLyZg22d3FZocRHZwBp2-mUewp1SFXiDdM085LQu0fNa4Yct_JKRHuej-3cwQZn29eiDaHWjlBpHC3uSqLuO2t5KAFsZaiPR6CDAGAJQSqDxshE9WYG2nhYqJebk6DnH5cUG8fkCrpA_jQ:1njvYa:6nJlDIQdJrVKqXevm61v-WwH7z0ur-PkfFQ-GAKDnLE",
    "expire_date": "2022-05-12T10:15:08.878"
  }
},
{
  "model": "sessions.session",
  "pk": "b0ukfacnha1koqqcs95vx2gqwu9xo0av",
  "fields": {
    "session_data": ".eJxVjMsOwiAURP-FtSGUVx9L934DuXBvLWqgKW2iMf67JelCl3POzLyZg22d3FZocRHZwBp2-mUewp1SFXiDdM085LQu0fNa4Yct_JKRHuej-3cwQZn29eiDaHWjlBpHC3uSqLuO2t5KAFsZaiPR6CDAGAJQSqDxshE9WYG2nhYqJebk6DnH5cUG8fkCrpA_jQ:1njaPl:5e0RakubbVfZRvpsr2kmelB4EcURRFRJACzOzSBGQPc",
    "expire_date": "2022-05-11T11:40:37.163"
  }
},
{
  "model": "sessions.session",
  "pk": "btmnj6sipeq46sdzwg9dnqn0la9wi7sb",
  "fields": {
    "session_data": ".eJxVjMsOwiAURP-FtSGUVx9L934DuXBvLWqgKW2iMf67JelCl3POzLyZg22d3FZocRHZwBp2-mUewp1SFXiDdM085LQu0fNa4Yct_JKRHuej-3cwQZn29eiDaHWjlBpHC3uSqLuO2t5KAFsZaiPR6CDAGAJQSqDxshE9WYG2nhYqJebk6DnH5cUG8fkCrpA_jQ:1nm6P6:k2s7wM6O_WfuXUon4HJEWEL4wkDvu7ttkVAm2b-46Sg",
    "expire_date": "2022-05-18T10:14:20.841"
  }
},
{
  "model": "sessions.session",
  "pk": "bum69j7gclmwbj7j2svb2w3lsxn3giyd",
  "fields": {
    "session_data": ".eJxVjMsOwiAURP-FtSGUVx9L934DuXBvLWqgKW2iMf67JelCl3POzLyZg22d3FZocRHZwBp2-mUewp1SFXiDdM085LQu0fNa4Yct_JKRHuej-3cwQZn29eiDaHWjlBpHC3uSqLuO2t5KAFsZaiPR6CDAGAJQSqDxshE9WYG2nhYqJebk6DnH5cUG8fkCrpA_jQ:1nodmB:I9Dcw0ffKqEyyFxM1vcgqePKMW16IV_GrP5lBkHa-RI",
    "expire_date": "2022-05-25T10:16:39.148"
  }
},
{
  "model": "sessions.session",
  "pk": "dkfsjplk1mnjyico7s70pupnmd8txxuq",
  "fields": {
    "session_data": ".eJxVjMsOwiAURP-FtSGUVx9L934DuXBvLWqgKW2iMf67JelCl3POzLyZg22d3FZocRHZwBp2-mUewp1SFXiDdM085LQu0fNa4Yct_JKRHuej-3cwQZn29eiDaHWjlBpHC3uSqLuO2t5KAFsZaiPR6CDAGAJQSqDxshE9WYG2nhYqJebk6DnH5cUG8fkCrpA_jQ:1nnavA:Cn4_eGBi1uNPr0baXx3XRcH58KVWncjMAdmIQgedDTU",
    "expire_date": "2022-05-22T13:01:36.863"
  }
},
{
  "model": "sessions.session",
  "pk": "goc129mbz8fqq7fhu9pq6gu80lc6abnr",
  "fields": {
    "session_data": ".eJxVjEsOwjAMBe-SNYrycb9L9pwhcm2XBlCCmlYCIe4OlbqA7Zt581IB12UKa5E5RFa9surwuw1IV0kb4Aumc9aU0zLHQW-K3mnRp8xyO-7uX2DCMn3fvm4aEsMOPHhLxkpLZkSPziET29q2IANDBdCRc64zjsYKbN2KGKRqixYpJeYU5HGP81P15v0Bcmk-vg:1njIxz:eI-zAn4j-15jZrlEAGqTAQIGEbN5pCFuAZy4i6NSEGk",
    "expire_date": "2022-05-10T17:02:47.084"
  }
},
{
  "model": "sessions.session",
  "pk": "i8pboumzbc8017xbqxmiu6gtjcm2hrw0",
  "fields": {
    "session_data": ".eJxVjMsOwiAURP-FtSGUVx9L934DuXBvLWqgKW2iMf67JelCl3POzLyZg22d3FZocRHZwBp2-mUewp1SFXiDdM085LQu0fNa4Yct_JKRHuej-3cwQZn29eiDaHWjlBpHC3uSqLuO2t5KAFsZaiPR6CDAGAJQSqDxshE9WYG2nhYqJebk6DnH5cUG8fkCrpA_jQ:1noOso:QsEKyQdXYThudg2f3f17T-Z91uTtUW5afooIJvv1C4w",
    "expire_date": "2022-05-24T18:22:30.236"
  }
},
{
  "model": "sessions.session",
  "pk": "ir3nexsz9l39vg7y3jjt8sbythpi9j0a",
  "fields": {
    "session_data": ".eJxVjMsOwiAURP-FtSGUVx9L934DuXBvLWqgKW2iMf67JelCl3POzLyZg22d3FZocRHZwBp2-mUewp1SFXiDdM085LQu0fNa4Yct_JKRHuej-3cwQZn29eiDaHWjlBpHC3uSqLuO2t5KAFsZaiPR6CDAGAJQSqDxshE9WYG2nhYqJebk6DnH5cUG8fkCrpA_jQ:1nojGV:9TLapF9VDRv8BgYRcNr2yRXmku2ePC7rmci8noEF4RA",
    "expire_date": "2022-05-25T16:08:19.965"
  }
},
{
  "model": "sessions.session",
  "pk": "oi02v43xfbbv91u42se9kth294rvow1k",
  "fields": {
    "session_data": ".eJxVjEsOwjAMBe-SNYrycb9L9pwhcm2XBlCCmlYCIe4OlbqA7Zt581IB12UKa5E5RFa9surwuw1IV0kb4Aumc9aU0zLHQW-K3mnRp8xyO-7uX2DCMn3fvm4aEsMOPHhLxkpLZkSPziET29q2IANDBdCRc64zjsYKbN2KGKRqixYpJeYU5HGP81P15v0Bcmk-vg:1niqt4:t4-o-rgiCPdygVjhZIqelg4Nkz37o-oqFGoPTNWWazs",
    "expire_date": "2022-05-09T11:03:50.204"
  }
},
{
  "model": "sessions.session",
  "pk": "qcxjvvfzq3s7bzw49txl5ycw1c23dkyz",
  "fields": {
    "session_data": ".eJxVjM0OwiAQhN-FsyFAf5AevfsMZBd2LWrAlDbRGN_dNulB5zjzzfcWHpZ59EulyacoBmHE4bdDCDfK2xCvkC9FhpLnKaHcELmvVZ5LpPtpZ_8EI9RxfVskdsFy0Gu4s9H2dHRkoO8oGkTd6w51YGg1NE4ZpqZlDqSxUY5Uu0kr1ZpK9vR8pOklBvX5ArXKP8Y:1nllut:rite2ZSsPPRsJwFGXEDS-x-Dsa-TNMOAXrdu_6-4L9A",
    "expire_date": "2022-05-17T12:21:47.926"
  }
},
{
  "model": "sessions.session",
  "pk": "uhrat1c047byuh6hg7mlh7i6un1xbsx6",
  "fields": {
    "session_data": ".eJxVjEsOwjAMBe-SNYrycb9L9pwhcm2XBlCCmlYCIe4OlbqA7Zt581IB12UKa5E5RFa9surwuw1IV0kb4Aumc9aU0zLHQW-K3mnRp8xyO-7uX2DCMn3fvm4aEsMOPHhLxkpLZkSPziET29q2IANDBdCRc64zjsYKbN2KGKRqixYpJeYU5HGP81P15v0Bcmk-vg:1ndrkz:3-X03eBjmY9qJyTk-lwPGQFrz4NcGiZDjHrM3sYtSx8",
    "expire_date": "2022-04-25T16:58:53.954"
  }
},
{
  "model": "sessions.session",
  "pk": "uv6ymxe2oc7yawuopzzed1z41tequt8m",
  "fields": {
    "session_data": ".eJxVjEsOwjAMBe-SNYrycb9L9pwhcm2XBlCCmlYCIe4OlbqA7Zt581IB12UKa5E5RFa9surwuw1IV0kb4Aumc9aU0zLHQW-K3mnRp8xyO-7uX2DCMn3fvm4aEsMOPHhLxkpLZkSPziET29q2IANDBdCRc64zjsYKbN2KGKRqixYpJeYU5HGP81P15v0Bcmk-vg:1nc32g:8lO0GFJJVT9sm2tjQJT-V7Ioopo3tM8izlFQijzGCMc",
    "expire_date": "2022-04-20T16:37:38.036"
  }
},
{
  "model": "sessions.session",
  "pk": "wgoloe1rtgmlc0pebs266m5um10a5776",
  "fields": {
    "session_data": ".eJxVjMsOwiAURP-FtSGUVx9L934DuXBvLWqgKW2iMf67JelCl3POzLyZg22d3FZocRHZwBp2-mUewp1SFXiDdM085LQu0fNa4Yct_JKRHuej-3cwQZn29eiDaHWjlBpHC3uSqLuO2t5KAFsZaiPR6CDAGAJQSqDxshE9WYG2nhYqJebk6DnH5cUG8fkCrpA_jQ:1nmSot:UVYVoafUe05JfO_wKIlBDUPvgU82dTsVzxD1-4GYMUE",
    "expire_date": "2022-05-19T10:10:27.842"
  }
},
{
  "model": "sessions.session",
  "pk": "wiuhiyyp47k9q1ndlratdbvqt5ljdwou",
  "fields": {
    "session_data": ".eJxVjMsOwiAURP-FtSGUVx9L934DuXBvLWqgKW2iMf67JelCl3POzLyZg22d3FZocRHZwBp2-mUewp1SFXiDdM085LQu0fNa4Yct_JKRHuej-3cwQZn29eiDaHWjlBpHC3uSqLuO2t5KAFsZaiPR6CDAGAJQSqDxshE9WYG2nhYqJebk6DnH5cUG8fkCrpA_jQ:1nnL5y:g9r8zHYp1xaGSbYYRylWWG-y4sbP1ERuJ7JEJRoqnKo",
    "expire_date": "2022-05-21T20:07:42.150"
  }
},
{
  "model": "sessions.session",
  "pk": "wljdhrgp561jc41zooef1n4uunt0v8z6",
  "fields": {
    "session_data": ".eJxVjEsOwjAMBe-SNYrycb9L9pwhcm2XBlCCmlYCIe4OlbqA7Zt581IB12UKa5E5RFa9surwuw1IV0kb4Aumc9aU0zLHQW-K3mnRp8xyO-7uX2DCMn3fvm4aEsMOPHhLxkpLZkSPziET29q2IANDBdCRc64zjsYKbN2KGKRqixYpJeYU5HGP81P15v0Bcmk-vg:1njChq:6aZ_NF8Uf1N8SVsS9qgl9nd3z4CBccuICt_Q0AQ6NCc",
    "expire_date": "2022-05-10T10:21:42.220"
  }
},
{
  "model": "sessions.session",
  "pk": "y3jiwb1dmjcnc3lbec3fp3hc1g0ip9nr",
  "fields": {
    "session_data": ".eJxVjMsOwiAURP-FtSGUVx9L934DuXBvLWqgKW2iMf67JelCl3POzLyZg22d3FZocRHZwBp2-mUewp1SFXiDdM085LQu0fNa4Yct_JKRHuej-3cwQZn29eiDaHWjlBpHC3uSqLuO2t5KAFsZaiPR6CDAGAJQSqDxshE9WYG2nhYqJebk6DnH5cUG8fkCrpA_jQ:1nljtb:G4oUZj7_TbzUV2UcK48ulz4ooYHL1zulmkhJUzWzxNs",
    "expire_date": "2022-05-17T10:12:19.030"
  }
},
{
  "model": "sessions.session",
  "pk": "ytotu478ypil1guycijltf1ywizi16gs",
  "fields": {
    "session_data": ".eJxVjMsOwiAURP-FtSGUVx9L934DuXBvLWqgKW2iMf67JelCl3POzLyZg22d3FZocRHZwBp2-mUewp1SFXiDdM085LQu0fNa4Yct_JKRHuej-3cwQZn29eiDaHWjlBpHC3uSqLuO2t5KAFsZaiPR6CDAGAJQSqDxshE9WYG2nhYqJebk6DnH5cUG8fkCrpA_jQ:1nmpDD:sS64kwOlvdCOCgNSZmyznT8C-Ekqeuqo-aiAhSI6oJc",
    "expire_date": "2022-05-20T10:05:03.099"
  }
},
{
  "model": "projects.plantunit",
  "pk": 1,
  "fields": {
    "title": "Водоблок-2"
  }
},
{
  "model": "projects.plantunit",
  "pk": 2,
  "fields": {
    "title": "БОВ-1"
  }
},
{
  "model": "projects.plantunit",
  "pk": 3,
  "fields": {
    "title": "БОВ-2"
  }
},
{
  "model": "projects.plantunit",
  "pk": 4,
  "fields": {
    "title": "УГОВ"
  }
},
{
  "model": "projects.plantunit",
  "pk": 5,
  "fields": {
    "title": "МОС"
  }
},
{
  "model": "projects.plantunit",
  "pk": 6,
  "fields": {
    "title": "БОС"
  }
},
{
  "model": "projects.samplingsite",
  "pk": 1,
  "fields": {
    "title": "Дренажные насосы Н-14,15,16",
    "location": 1,
    "water_type": [
      1
    ]
  }
},
{
  "model": "projects.samplingsite",
  "pk": 2,
  "fields": {
    "title": "АВТ погружного холодильника №42",
    "location": 1,
    "water_type": [
      1
    ]
  }
},
{
  "model": "projects.samplingsite",
  "pk": 3,
  "fields": {
    "title": "Дренажные насосы Н-5,11.12",
    "location": 1,
    "water_type": [
      1
    ]
  }
},
{
  "model": "projects.samplingsite",
  "pk": 4,
  "fields": {
    "title": "Точка насосов Р-02А/В/С",
    "location": 2,
    "water_type": [
      2
    ]
  }
},
{
  "model": "projects.samplingsite",
  "pk": 5,
  "fields": {
    "title": "Точка выкид насосов Р-01А/В/С/Д",
    "location": 2,
    "water_type": [
      1
    ]
  }
},
{
  "model": "projects.samplingsite",
  "pk": 6,
  "fields": {
    "title": "Точка насосов Р-01А/В/С/Д",
    "location": 3,
    "water_type": [
      1,
      2
    ]
  }
},
{
  "model": "projects.samplingsite",
  "pk": 7,
  "fields": {
    "title": "Трубопровод Урал 77-SN-001",
    "location": 4,
    "water_type": [
      1
    ]
  }
},
{
  "model": "projects.samplingsite",
  "pk": 8,
  "fields": {
    "title": "Выход из ёмкости 77-ТК-103 77-SN-004",
    "location": 4,
    "water_type": []
  }
},
{
  "model": "projects.samplingsite",
  "pk": 9,
  "fields": {
    "title": "На входе в боковой фильтр позиции 77-Z-003 77-SN-006",
    "location": 4,
    "water_type": []
  }
},
{
  "model": "projects.samplingsite",
  "pk": 10,
  "fields": {
    "title": "Подача на градирню позиции 77-ТI-205 77-SN-007",
    "location": 4,
    "water_type": [
      1
    ]
  }
},
{
  "model": "projects.samplingsite",
  "pk": 11,
  "fields": {
    "title": "На выходе с бокового фильтра 77-Z-003, 77-SN-008",
    "location": 4,
    "water_type": []
  }
},
{
  "model": "projects.samplingsite",
  "pk": 12,
  "fields": {
    "title": "Очистные сооружения поз.119. С колодца промстоков №1 (точка №4 вход)",
    "location": 5,
    "water_type": []
  }
},
{
  "model": "projects.samplingsite",
  "pk": 13,
  "fields": {
    "title": "Пробоотборник 001 перед БОС /А1–SN-001",
    "location": 6,
    "water_type": []
  }
},
{
  "model": "projects.samplingsite",
  "pk": 14,
  "fields": {
    "title": "Сточная вода после биологических очистных сооружений А1–SN-009",
    "location": 6,
    "water_type": []
  }
},
{
  "model": "projects.samplingsite",
  "pk": 15,
  "fields": {
    "title": "Выход с аппарата напорной флотации в ТК-008А/А1–SN-004А",
    "location": 6,
    "water_type": [
      1
    ]
  }
},
{
  "model": "projects.samplingsite",
  "pk": 16,
  "fields": {
    "title": "Выход с аппарата напорной флотации в ТК-008В/А1–SN-004В",
    "location": 6,
    "water_type": [
      1
    ]
  }
},
{
  "model": "projects.watertype",
  "pk": 1,
  "fields": {
    "type": "Оборотная"
  }
},
{
  "model": "projects.watertype",
  "pk": 2,
  "fields": {
    "type": "Подпиточная"
  }
},
{
  "model": "projects.watertype",
  "pk": 3,
  "fields": {
    "type": "Сточная"
  }
},
{
  "model": "projects.component",
  "pk": 1,
  "fields": {
    "title": "[1|1] Нефтепродукт",
    "measurement": "мг/дм³",
    "limit_lo": null,
    "limit_hi": "25",
    "period": "1 раз в неделю воскресенье",
    "standards": "ГОСТ 26449. 1-85 ПНДФ 14.1:2:4.128-98",
    "recommendation1": null,
    "recommendation2": "Устранить утечки технологических продуктов в оборотную воду"
  }
},
{
  "model": "projects.component",
  "pk": 2,
  "fields": {
    "title": "[1|1] Значение рН",
    "measurement": "един",
    "limit_lo": "7",
    "limit_hi": "9",
    "period": "1 раз в неделю воскресенье",
    "standards": "рН- метр ГОСТ 26449. 1-85",
    "recommendation1": "Уменьшить продувку",
    "recommendation2": "Увеличить продувку"
  }
},
{
  "model": "projects.component",
  "pk": 3,
  "fields": {
    "title": "[1|1] Общие взвешенные твердые частицы",
    "measurement": "мг/дм³",
    "limit_lo": "35",
    "limit_hi": "50",
    "period": "1 раз в неделю воскресенье",
    "standards": "ГОСТ 26449. 1-85 МВИ АРНА",
    "recommendation1": null,
    "recommendation2": "Проверить Ку, увеличить продувку"
  }
},
{
  "model": "projects.component",
  "pk": 4,
  "fields": {
    "title": "[1|1] Фосфор",
    "measurement": "мг/дм³",
    "limit_lo": "1.5",
    "limit_hi": "",
    "period": "1 раз в неделю воскресенье",
    "standards": "МВИ «Hach»",
    "recommendation1": "Увеличить дозировку ингибитора",
    "recommendation2": null
  }
},
{
  "model": "projects.component",
  "pk": 5,
  "fields": {
    "title": "[1|1] Щелочность общая",
    "measurement": "мг-экв/л",
    "limit_lo": null,
    "limit_hi": "8",
    "period": "Еженедельно по средам",
    "standards": "РТМ 24.030.24",
    "recommendation1": null,
    "recommendation2": "Увеличить продувку"
  }
},
{
  "model": "projects.component",
  "pk": 6,
  "fields": {
    "title": "[1|1] Жесткость общая",
    "measurement": "мг-экв/л",
    "limit_lo": "6",
    "limit_hi": null,
    "period": "Еженедельно по средам",
    "standards": "РТМ 24.030.24",
    "recommendation1": null,
    "recommendation2": null
  }
},
{
  "model": "projects.component",
  "pk": 7,
  "fields": {
    "title": "[1|1] Солесодержание",
    "measurement": "мг/дм³",
    "limit_lo": null,
    "limit_hi": "2500",
    "period": "Еженедельно по средам",
    "standards": "кондуктометр РТМ 24.030.24",
    "recommendation1": null,
    "recommendation2": "Увеличить продувку"
  }
},
{
  "model": "projects.component",
  "pk": 8,
  "fields": {
    "title": "[1|1] Хлориды",
    "measurement": "мг/дм³",
    "limit_lo": null,
    "limit_hi": "300",
    "period": "Еженедельно по средам",
    "standards": "ГОСТ 26449.1",
    "recommendation1": null,
    "recommendation2": "Увеличить продувку"
  }
},
{
  "model": "projects.component",
  "pk": 9,
  "fields": {
    "title": "[1|1] Сульфаты",
    "measurement": "мг/дм³",
    "limit_lo": null,
    "limit_hi": "500",
    "period": "Еженедельно по средам",
    "standards": "ГОСТ 26449.1 СТ ТОО 40319154-31-2014",
    "recommendation1": null,
    "recommendation2": "Увеличить продувку"
  }
},
{
  "model": "projects.component",
  "pk": 10,
  "fields": {
    "title": "[1|1] Жесткость кальциевая",
    "measurement": "мг-экв/л",
    "limit_lo": null,
    "limit_hi": "",
    "period": "Еженедельно по средам",
    "standards": "ГОСТ 26449.1 СТ ТОО 40319154-43-2014",
    "recommendation1": null,
    "recommendation2": null
  }
},
{
  "model": "projects.component",
  "pk": 11,
  "fields": {
    "title": "[1|1] Жесткость магниевая",
    "measurement": "мг-экв/л",
    "limit_lo": null,
    "limit_hi": null,
    "period": "Еженедельно по средам",
    "standards": "ГОСТ 26449.1",
    "recommendation1": null,
    "recommendation2": null
  }
},
{
  "model": "projects.component",
  "pk": 12,
  "fields": {
    "title": "[1|1] Железо",
    "measurement": "мкг/дм³",
    "limit_lo": null,
    "limit_hi": null,
    "period": "Еженедельно по средам",
    "standards": "ГОСТ 26449.1-85 РТМ 24.030.24",
    "recommendation1": null,
    "recommendation2": null
  }
},
{
  "model": "projects.component",
  "pk": 13,
  "fields": {
    "title": "[1|2] Нефтепродукт",
    "measurement": "мг/дм³",
    "limit_lo": null,
    "limit_hi": "25",
    "period": "1 раз в неделю воскресенье",
    "standards": "ГОСТ 26449. 1-85 ПНДФ 14.1: 2:4.128-98",
    "recommendation1": null,
    "recommendation2": "Устранить утечки технологических продуктов в оборотную воду"
  }
},
{
  "model": "projects.component",
  "pk": 14,
  "fields": {
    "title": "[1|2] Значение рН",
    "measurement": "един",
    "limit_lo": "7",
    "limit_hi": "9",
    "period": "1 раз в неделю воскресенье",
    "standards": "рН- метр ГОСТ 26449. 1-85",
    "recommendation1": "Уменьшить продувку",
    "recommendation2": "Увеличить продувку"
  }
},
{
  "model": "projects.component",
  "pk": 15,
  "fields": {
    "title": "[1|2] Общие взвешенные твердые частицы",
    "measurement": "мг/дм³",
    "limit_lo": null,
    "limit_hi": "2500",
    "period": "1 раз в неделю воскресенье",
    "standards": "ГОСТ 26449. 1-85 МВИ АРНА",
    "recommendation1": null,
    "recommendation2": "Увеличить продувку"
  }
},
{
  "model": "projects.component",
  "pk": 16,
  "fields": {
    "title": "[1|3] Взвешенные вещества",
    "measurement": "мг/дм³",
    "limit_lo": null,
    "limit_hi": "2500",
    "period": "Еженедельно по средам",
    "standards": "ГОСТ 26449.1",
    "recommendation1": null,
    "recommendation2": "Увеличить продувку"
  }
},
{
  "model": "projects.component",
  "pk": 17,
  "fields": {
    "title": "[1|3] Жесткость общая",
    "measurement": "мг-экв/л",
    "limit_lo": null,
    "limit_hi": null,
    "period": "Еженедельно по средам",
    "standards": "РТМ 24.030.24",
    "recommendation1": null,
    "recommendation2": null
  }
},
{
  "model": "projects.component",
  "pk": 18,
  "fields": {
    "title": "[1|3] Железо",
    "measurement": "мкг/дм³",
    "limit_lo": null,
    "limit_hi": null,
    "period": "Еженедельно по средам",
    "standards": "ГОСТ 26449.1-85 РТМ 24.030.24",
    "recommendation1": null,
    "recommendation2": null
  }
},
{
  "model": "projects.component",
  "pk": 19,
  "fields": {
    "title": "[1|3] Сухой остаток",
    "measurement": "мг/дм³",
    "limit_lo": null,
    "limit_hi": null,
    "period": "Еженедельно по средам",
    "standards": "ГОСТ 26449.1",
    "recommendation1": null,
    "recommendation2": null
  }
},
{
  "model": "projects.component",
  "pk": 20,
  "fields": {
    "title": "[1|3] Щелочность общая",
    "measurement": "мг-экв/л",
    "limit_lo": null,
    "limit_hi": "8",
    "period": "Еженедельно по средам",
    "standards": "РТМ 24.030.24",
    "recommendation1": null,
    "recommendation2": "Увеличить продувку"
  }
},
{
  "model": "projects.component",
  "pk": 21,
  "fields": {
    "title": "[1|3] Солесодержание",
    "measurement": "мг/дм³",
    "limit_lo": null,
    "limit_hi": "2500",
    "period": "Еженедельно по средам",
    "standards": "кондуктометр РТМ 24.030.24",
    "recommendation1": null,
    "recommendation2": "Увеличить продувку"
  }
},
{
  "model": "projects.component",
  "pk": 22,
  "fields": {
    "title": "[1|3] Хлориды",
    "measurement": "мг/дм³",
    "limit_lo": null,
    "limit_hi": "300",
    "period": "Еженедельно по средам",
    "standards": "ГОСТ 26449.1",
    "recommendation1": null,
    "recommendation2": "Увеличить продувку"
  }
},
{
  "model": "projects.component",
  "pk": 23,
  "fields": {
    "title": "[1|3] Сульфаты",
    "measurement": "мг/дм³",
    "limit_lo": null,
    "limit_hi": "500",
    "period": "Еженедельно по средам",
    "standards": "ГОСТ 26449.1 СТ ТОО 40319154-31-2014",
    "recommendation1": null,
    "recommendation2": "Увеличить продувку"
  }
},
{
  "model": "projects.component",
  "pk": 24,
  "fields": {
    "title": "[1|3] Жесткость кальциевая",
    "measurement": "мг-экв/л",
    "limit_lo": null,
    "limit_hi": null,
    "period": "Еженедельно по средам",
    "standards": "ГОСТ 26449.1 СТ ТОО 40319154-43-2014",
    "recommendation1": null,
    "recommendation2": null
  }
},
{
  "model": "projects.component",
  "pk": 25,
  "fields": {
    "title": "[1|3] Жесткость магниевая",
    "measurement": "мг-экв/л",
    "limit_lo": null,
    "limit_hi": null,
    "period": "Еженедельно по средам",
    "standards": "ГОСТ 26449.1",
    "recommendation1": null,
    "recommendation2": null
  }
},
{
  "model": "projects.component",
  "pk": 26,
  "fields": {
    "title": "[1|3] Значение рН",
    "measurement": "един",
    "limit_lo": "7",
    "limit_hi": "9",
    "period": "Еженедельно по средам",
    "standards": "рН метр ГОСТ 26449.1",
    "recommendation1": "Уменьшить продувку",
    "recommendation2": "Увеличить продувку"
  }
},
{
  "model": "projects.component",
  "pk": 27,
  "fields": {
    "title": "[2|1] Жесткость общая",
    "measurement": "мг-экв/л",
    "limit_lo": "5",
    "limit_hi": "12",
    "period": "1 раз в неделю",
    "standards": "РТМ 24.030.24",
    "recommendation1": null,
    "recommendation2": null
  }
},
{
  "model": "projects.component",
  "pk": 28,
  "fields": {
    "title": "[2|1] Жесткость кальциевая",
    "measurement": "мг-экв/л",
    "limit_lo": "2",
    "limit_hi": "4.5",
    "period": "1 раз в неделю",
    "standards": "ГОСТ 26449.1 СТ ТОО 40319154-43-2014",
    "recommendation1": null,
    "recommendation2": null
  }
},
{
  "model": "projects.component",
  "pk": 29,
  "fields": {
    "title": "[2|1] Значение рН",
    "measurement": "един",
    "limit_lo": "7",
    "limit_hi": "8.5",
    "period": "1 раз в неделю",
    "standards": "рН- метр ГОСТ 26449. 1-85",
    "recommendation1": null,
    "recommendation2": null
  }
},
{
  "model": "projects.component",
  "pk": 30,
  "fields": {
    "title": "[2|1] Солесодержание",
    "measurement": "мг/дм³",
    "limit_lo": "1000",
    "limit_hi": "",
    "period": "1 раз в неделю",
    "standards": "кондуктометр РТМ 24.030.24",
    "recommendation1": null,
    "recommendation2": null
  }
},
{
  "model": "projects.component",
  "pk": 31,
  "fields": {
    "title": "[2|1] Хлориды",
    "measurement": "мг/дм³",
    "limit_lo": "200",
    "limit_hi": "",
    "period": "1 раз в неделю",
    "standards": "ГОСТ 26449.1",
    "recommendation1": null,
    "recommendation2": null
  }
},
{
  "model": "projects.component",
  "pk": 32,
  "fields": {
    "title": "[2|1] Сульфаты",
    "measurement": "мг/дм³",
    "limit_lo": "120",
    "limit_hi": "",
    "period": "1 раз в неделю",
    "standards": "ГОСТ 26449.1 СТ ТОО 40319154-31-2014",
    "recommendation1": null,
    "recommendation2": null
  }
},
{
  "model": "projects.component",
  "pk": 33,
  "fields": {
    "title": "[2|1] Нефтепродукт",
    "measurement": "мг/дм³",
    "limit_lo": null,
    "limit_hi": null,
    "period": "1 раз в неделю",
    "standards": "ПНДФ 14.1: 2:4.128-98",
    "recommendation1": null,
    "recommendation2": null
  }
},
{
  "model": "projects.component",
  "pk": 34,
  "fields": {
    "title": "[2|1] Взвешенные вещества",
    "measurement": "мг/дм³",
    "limit_lo": "5",
    "limit_hi": "",
    "period": "1 раз в неделю",
    "standards": "ГОСТ 26449.1",
    "recommendation1": null,
    "recommendation2": null
  }
},
{
  "model": "projects.component",
  "pk": 35,
  "fields": {
    "title": "[2|1] Щелочность общая",
    "measurement": "мг-экв/л",
    "limit_lo": null,
    "limit_hi": "",
    "period": "1 раз в неделю",
    "standards": "РТМ 24.030.24",
    "recommendation1": null,
    "recommendation2": null
  }
},
{
  "model": "projects.component",
  "pk": 36,
  "fields": {
    "title": "[2|1] Железо",
    "measurement": "мг/дм³",
    "limit_lo": null,
    "limit_hi": "",
    "period": "1 раз в месяц",
    "standards": "ГОСТ 26449.1-85 РТМ 24.030.24",
    "recommendation1": null,
    "recommendation2": null
  }
},
{
  "model": "projects.component",
  "pk": 37,
  "fields": {
    "title": "[2|2] Жесткость общая",
    "measurement": "мг-экв/л",
    "limit_lo": "",
    "limit_hi": "20",
    "period": "2 раза в неделю",
    "standards": "РТМ 24.030.24",
    "recommendation1": null,
    "recommendation2": "Увеличить продувку"
  }
},
{
  "model": "projects.component",
  "pk": 38,
  "fields": {
    "title": "[2|2] Жесткость кальциевая",
    "measurement": "мг-экв/л",
    "limit_lo": "",
    "limit_hi": "12",
    "period": "2 раза в неделю",
    "standards": "ГОСТ 26449.1 СТ ТОО 40319154-43-2014",
    "recommendation1": null,
    "recommendation2": "Увеличить продувку"
  }
},
{
  "model": "projects.component",
  "pk": 39,
  "fields": {
    "title": "[2|2] Значение рН",
    "measurement": "един",
    "limit_lo": "7",
    "limit_hi": "9",
    "period": "1 раз в неделю",
    "standards": "рН- метр ГОСТ 26449. 1-85",
    "recommendation1": "Уменьшить продувку",
    "recommendation2": "Увеличить продувку"
  }
},
{
  "model": "projects.component",
  "pk": 40,
  "fields": {
    "title": "[2|2] Солесодержание",
    "measurement": "мг/дм³",
    "limit_lo": "",
    "limit_hi": "2000",
    "period": "1 раз в неделю",
    "standards": "кондуктометр РТМ 24.030.24",
    "recommendation1": null,
    "recommendation2": "Увеличить продувку"
  }
},
{
  "model": "projects.component",
  "pk": 41,
  "fields": {
    "title": "[2|2] Хлориды",
    "measurement": "мг/дм³",
    "limit_lo": "",
    "limit_hi": "1000",
    "period": "1 раз в неделю",
    "standards": "ГОСТ 26449.1",
    "recommendation1": null,
    "recommendation2": "Увеличить продувку"
  }
},
{
  "model": "projects.component",
  "pk": 42,
  "fields": {
    "title": "[2|2] Сульфаты",
    "measurement": "мг/дм³",
    "limit_lo": null,
    "limit_hi": "1000",
    "period": "1 раз в неделю",
    "standards": "ГОСТ 26449.1 СТ ТОО 40319154-31-2014",
    "recommendation1": null,
    "recommendation2": "Увеличить продувку"
  }
},
{
  "model": "projects.component",
  "pk": 43,
  "fields": {
    "title": "[2|2] Нефтепродукт",
    "measurement": "мг/дм³",
    "limit_lo": null,
    "limit_hi": "3",
    "period": "1 раз в неделю",
    "standards": "ПНДФ 14.1: 2:4.128-98",
    "recommendation1": null,
    "recommendation2": "Устранить утечки технологических продуктов в оборотную воду"
  }
},
{
  "model": "projects.component",
  "pk": 44,
  "fields": {
    "title": "[2|2] Взвешенные вещества",
    "measurement": "мг/дм³",
    "limit_lo": null,
    "limit_hi": "25",
    "period": "1 раз в неделю",
    "standards": "ГОСТ 26449.1",
    "recommendation1": null,
    "recommendation2": "Проверить работу осветлителя, проверить Ку, увеличить продувку"
  }
},
{
  "model": "projects.component",
  "pk": 45,
  "fields": {
    "title": "[2|2] Щелочность общая",
    "measurement": "мг-экв/л",
    "limit_lo": "6",
    "limit_hi": "7",
    "period": "2 раза в неделю",
    "standards": "РТМ 24.030.24-72",
    "recommendation1": "Уменьшить продувку",
    "recommendation2": "Увеличить продувку"
  }
},
{
  "model": "projects.component",
  "pk": 46,
  "fields": {
    "title": "[2|2] Железо",
    "measurement": "мг/дм³",
    "limit_lo": null,
    "limit_hi": "",
    "period": "1 раз в месяц",
    "standards": "ГОСТ 26449.1-85 РТМ 24.030.24",
    "recommendation1": null,
    "recommendation2": null
  }
},
{
  "model": "projects.component",
  "pk": 47,
  "fields": {
    "title": "[3|1] Жесткость общая",
    "measurement": "мг-экв/л",
    "limit_lo": null,
    "limit_hi": "20",
    "period": "1 раз в неделю",
    "standards": "РТМ 24.030.24",
    "recommendation1": null,
    "recommendation2": "Увеличить продувку"
  }
},
{
  "model": "projects.component",
  "pk": 48,
  "fields": {
    "title": "[3|1] Жесткость кальциевая",
    "measurement": "мг-экв/л",
    "limit_lo": null,
    "limit_hi": "12",
    "period": "1 раз в неделю",
    "standards": "ГОСТ 26449.1 СТ ТОО 40319154-43-2014",
    "recommendation1": null,
    "recommendation2": "Увеличить продувку"
  }
},
{
  "model": "projects.component",
  "pk": 49,
  "fields": {
    "title": "[3|1] Значение рН",
    "measurement": "един",
    "limit_lo": "7",
    "limit_hi": "9",
    "period": "1 раз в неделю",
    "standards": "рН- метр ГОСТ 26449. 1-85",
    "recommendation1": "Уменьшить продувку",
    "recommendation2": "Увеличить продувку"
  }
},
{
  "model": "projects.component",
  "pk": 50,
  "fields": {
    "title": "[3|1] Солесодержание",
    "measurement": "мг/дм³",
    "limit_lo": null,
    "limit_hi": "2000",
    "period": "1 раз в неделю",
    "standards": "кондуктометр РТМ 24.030.24",
    "recommendation1": null,
    "recommendation2": "Увеличить продувку"
  }
},
{
  "model": "projects.component",
  "pk": 51,
  "fields": {
    "title": "[3|1] Хлориды",
    "measurement": "мг/дм³",
    "limit_lo": null,
    "limit_hi": "1000",
    "period": "1 раз в неделю",
    "standards": "ГОСТ 26449.1",
    "recommendation1": null,
    "recommendation2": "Увеличить продувку"
  }
},
{
  "model": "projects.component",
  "pk": 52,
  "fields": {
    "title": "[3|1] Сульфаты",
    "measurement": "мг/дм³",
    "limit_lo": null,
    "limit_hi": "1000",
    "period": "1 раз в неделю",
    "standards": "ГОСТ 26449.1 СТ ТОО 40319154-31-2014",
    "recommendation1": null,
    "recommendation2": "Увеличить продувку"
  }
},
{
  "model": "projects.component",
  "pk": 53,
  "fields": {
    "title": "[3|1] Нефтепродукт",
    "measurement": "мг/дм³",
    "limit_lo": null,
    "limit_hi": "3",
    "period": "1 раз в неделю",
    "standards": "ПНДФ 14.1: 2:4.128-98",
    "recommendation1": null,
    "recommendation2": "Устранить утечки технологических продуктов в оборотную воду"
  }
},
{
  "model": "projects.component",
  "pk": 54,
  "fields": {
    "title": "[3|1] Взвешенные вещества",
    "measurement": "мг/дм³",
    "limit_lo": null,
    "limit_hi": "25",
    "period": "1 раз в неделю",
    "standards": "ГОСТ 26449.1",
    "recommendation1": null,
    "recommendation2": "Проверить работу осветлителя, проверить Ку, увеличить продувку"
  }
},
{
  "model": "projects.component",
  "pk": 55,
  "fields": {
    "title": "[3|1] Щелочность по фенолу",
    "measurement": "мг-экв/л",
    "limit_lo": null,
    "limit_hi": "",
    "period": "1 раз в неделю",
    "standards": "РТМ 24.030.24-72",
    "recommendation1": null,
    "recommendation2": null
  }
},
{
  "model": "projects.component",
  "pk": 56,
  "fields": {
    "title": "[3|1] Щелочность общая",
    "measurement": "мг-экв/л",
    "limit_lo": "6",
    "limit_hi": "7",
    "period": "1 раз в неделю",
    "standards": "РТМ 24.030.24-72",
    "recommendation1": "Уменьшить продувку",
    "recommendation2": "Увеличить продувку"
  }
},
{
  "model": "projects.component",
  "pk": 57,
  "fields": {
    "title": "[3|1] Железо",
    "measurement": "мг/дм³",
    "limit_lo": null,
    "limit_hi": "",
    "period": "1 раз в месяц",
    "standards": "ГОСТ 26449.1-85 РТМ 24.030.24",
    "recommendation1": null,
    "recommendation2": null
  }
},
{
  "model": "projects.component",
  "pk": 58,
  "fields": {
    "title": "[4|1] Общие взвешенные твердые частицы",
    "measurement": "мг/дм³",
    "limit_lo": null,
    "limit_hi": "",
    "period": "2 раза в неделю (вторник и четверг)",
    "standards": "ГОСТ 26449.1-85              МВИ АРНА",
    "recommendation1": null,
    "recommendation2": null
  }
},
{
  "model": "projects.component",
  "pk": 59,
  "fields": {
    "title": "[4|1] Хлориды",
    "measurement": "мг/дм³",
    "limit_lo": null,
    "limit_hi": "",
    "period": "1 раз в неделю вторник",
    "standards": "ГОСТ 26449.1-85 МВИ «Насh»",
    "recommendation1": null,
    "recommendation2": null
  }
},
{
  "model": "projects.component",
  "pk": 60,
  "fields": {
    "title": "[4|1] Сульфаты",
    "measurement": "мг/дм³",
    "limit_lo": null,
    "limit_hi": "",
    "period": "1 раз в неделю четверг",
    "standards": "ГОСТ 26449.2-85 МВИ «Насh»",
    "recommendation1": null,
    "recommendation2": null
  }
},
{
  "model": "projects.component",
  "pk": 61,
  "fields": {
    "title": "[4|1] Значение рН",
    "measurement": "един",
    "limit_lo": null,
    "limit_hi": "",
    "period": "1 раз в неделю четверг",
    "standards": "ГОСТ 26449.1-85",
    "recommendation1": null,
    "recommendation2": null
  }
},
{
  "model": "projects.component",
  "pk": 62,
  "fields": {
    "title": "[4|1] Щелочность общая",
    "measurement": "мг-экв/л",
    "limit_lo": null,
    "limit_hi": "",
    "period": "1 раз в неделю",
    "standards": "РТМ 24.030.24-72.",
    "recommendation1": null,
    "recommendation2": null
  }
},
{
  "model": "projects.component",
  "pk": 63,
  "fields": {
    "title": "[4|1] Жесткость кальциевая",
    "measurement": "мг-экв/л",
    "limit_lo": null,
    "limit_hi": "",
    "period": "1 раз в неделю",
    "standards": "ПНД Ф 14.1: 2.95-97",
    "recommendation1": null,
    "recommendation2": null
  }
},
{
  "model": "projects.component",
  "pk": 64,
  "fields": {
    "title": "[4|1] Жесткость общая",
    "measurement": "мг-экв/л",
    "limit_lo": null,
    "limit_hi": "",
    "period": "1 раз в неделю",
    "standards": "РТМ 24.030.24-72",
    "recommendation1": null,
    "recommendation2": null
  }
},
{
  "model": "projects.component",
  "pk": 65,
  "fields": {
    "title": "[4|1] Железо",
    "measurement": "мг/дм³",
    "limit_lo": null,
    "limit_hi": "",
    "period": "1 раз в неделю",
    "standards": "РТМ 24.030.24-72 ПНД Ф 14.1: 2.50-96",
    "recommendation1": null,
    "recommendation2": null
  }
},
{
  "model": "projects.component",
  "pk": 66,
  "fields": {
    "title": "[4|2] Общие взвешенные твердые частицы",
    "measurement": "мг/дм³",
    "limit_lo": "15",
    "limit_hi": "100",
    "period": "1 раз в сутки** 07.30",
    "standards": "ГОСТ 26449.1-85 МВИ АРНА",
    "recommendation1": null,
    "recommendation2": null
  }
},
{
  "model": "projects.component",
  "pk": 67,
  "fields": {
    "title": "[4|2] Значение рН",
    "measurement": "един",
    "limit_lo": null,
    "limit_hi": "",
    "period": "1 раз в неделю",
    "standards": "ГОСТ 26449.1-85 МВИ АРНА",
    "recommendation1": null,
    "recommendation2": null
  }
},
{
  "model": "projects.component",
  "pk": 68,
  "fields": {
    "title": "[4|2] Хлориды",
    "measurement": "мг/дм³",
    "limit_lo": null,
    "limit_hi": "",
    "period": "1 раз в неделю",
    "standards": "ГОСТ 26449.1-85",
    "recommendation1": null,
    "recommendation2": null
  }
},
{
  "model": "projects.component",
  "pk": 69,
  "fields": {
    "title": "[4|2] Фосфор",
    "measurement": "мг/дм³",
    "limit_lo": null,
    "limit_hi": "",
    "period": "1 раз в неделю",
    "standards": "МВИ «Hach»",
    "recommendation1": null,
    "recommendation2": null
  }
},
{
  "model": "projects.component",
  "pk": 70,
  "fields": {
    "title": "[4|2] Нефтепродукт",
    "measurement": "мг/дм³",
    "limit_lo": null,
    "limit_hi": null,
    "period": "1 раз в неделю",
    "standards": "ГОСТ 26449.1-85 ПНДФ 14.1: 2:4.128-98",
    "recommendation1": null,
    "recommendation2": null
  }
},
{
  "model": "projects.component",
  "pk": 71,
  "fields": {
    "title": "[4|2] Щелочность общая",
    "measurement": "мг-экв/л",
    "limit_lo": null,
    "limit_hi": "",
    "period": "1 раз в неделю",
    "standards": "РТМ 24.030.24-72.",
    "recommendation1": null,
    "recommendation2": null
  }
},
{
  "model": "projects.component",
  "pk": 72,
  "fields": {
    "title": "[4|2] Жесткость кальциевая",
    "measurement": "мг-экв/л",
    "limit_lo": null,
    "limit_hi": "",
    "period": "По требованию",
    "standards": "ПНД Ф 14.1: 2.95-97",
    "recommendation1": null,
    "recommendation2": null
  }
},
{
  "model": "projects.component",
  "pk": 73,
  "fields": {
    "title": "[4|2] Жесткость общая",
    "measurement": "мг-экв/л",
    "limit_lo": null,
    "limit_hi": "",
    "period": "1 раз в неделю",
    "standards": "РТМ 24.030.24-72",
    "recommendation1": null,
    "recommendation2": null
  }
},
{
  "model": "projects.component",
  "pk": 74,
  "fields": {
    "title": "[4|2] Железо",
    "measurement": "мкг/дм³",
    "limit_lo": null,
    "limit_hi": "",
    "period": "По требованию",
    "standards": "РТМ 24.030.24-72 ПНД Ф 14.1: 2.50-96",
    "recommendation1": null,
    "recommendation2": null
  }
},
{
  "model": "projects.component",
  "pk": 75,
  "fields": {
    "title": "[4|2] Солесодержание",
    "measurement": "мг/дм³",
    "limit_lo": null,
    "limit_hi": "",
    "period": "1 раз в неделю",
    "standards": "Кондуктометр",
    "recommendation1": null,
    "recommendation2": null
  }
},
{
  "model": "projects.component",
  "pk": 76,
  "fields": {
    "title": "[4|3] Общие взвешенные твёрдые частицы",
    "measurement": "мг/дм³",
    "limit_lo": "35",
    "limit_hi": "50",
    "period": "1 раз в неделю пятница",
    "standards": "ГОСТ 26449.1-85 МВИ АРНА",
    "recommendation1": null,
    "recommendation2": "Проверить работу осветлителя, проверить Ку, увеличить продувку"
  }
},
{
  "model": "projects.component",
  "pk": 77,
  "fields": {
    "title": "[4|3] Хлориды",
    "measurement": "мг/дм³",
    "limit_lo": null,
    "limit_hi": "300",
    "period": "1 раз в неделю пятница",
    "standards": "ГОСТ 26449.1-85 МВИ «Насh",
    "recommendation1": null,
    "recommendation2": "Увеличить продувку и подпитку осветленной водой"
  }
},
{
  "model": "projects.component",
  "pk": 78,
  "fields": {
    "title": "[4|3] Сульфаты",
    "measurement": "мг/дм³",
    "limit_lo": null,
    "limit_hi": "500",
    "period": "1 раз в неделю пятница",
    "standards": "ГОСТ 26449.2-85 МВИ «Насh»",
    "recommendation1": null,
    "recommendation2": "Увеличить продувку и подпитку осветленной водой"
  }
},
{
  "model": "projects.component",
  "pk": 79,
  "fields": {
    "title": "[4|3] Значение рН",
    "measurement": "един",
    "limit_lo": "7",
    "limit_hi": "9",
    "period": "1 раз в сутки** 07.30",
    "standards": "рН-метр",
    "recommendation1": "Уменьшить продувку",
    "recommendation2": "Увеличить продувку"
  }
},
{
  "model": "projects.component",
  "pk": 80,
  "fields": {
    "title": "[4|3] Фосфор",
    "measurement": "мг/дм³",
    "limit_lo": "1.5",
    "limit_hi": "",
    "period": "1 раз в неделю понедельник",
    "standards": "МВИ «Насh»",
    "recommendation1": "Увеличить дозировку ингибитора",
    "recommendation2": null
  }
},
{
  "model": "projects.component",
  "pk": 81,
  "fields": {
    "title": "[4|3] Щелочность общая",
    "measurement": "мг-экв/л",
    "limit_lo": null,
    "limit_hi": "8",
    "period": "1 раз в неделю",
    "standards": "РТМ 24.030.24-72.",
    "recommendation1": null,
    "recommendation2": "Увеличить продувку"
  }
},
{
  "model": "projects.component",
  "pk": 82,
  "fields": {
    "title": "[4|3] Жесткость кальциевая",
    "measurement": "мг-экв/л",
    "limit_lo": null,
    "limit_hi": "",
    "period": "1 раз в неделю",
    "standards": "ПНД Ф 14.1: 2.95-97",
    "recommendation1": null,
    "recommendation2": null
  }
},
{
  "model": "projects.component",
  "pk": 83,
  "fields": {
    "title": "[4|3] Жесткость общая",
    "measurement": "мг-экв/л",
    "limit_lo": null,
    "limit_hi": "",
    "period": "1 раз в неделю",
    "standards": "РТМ 24.030.24-72",
    "recommendation1": null,
    "recommendation2": null
  }
},
{
  "model": "projects.component",
  "pk": 84,
  "fields": {
    "title": "[4|3] Железо",
    "measurement": "мг/дм³",
    "limit_lo": null,
    "limit_hi": "",
    "period": "1 раз в неделю",
    "standards": "РТМ 24.030.24-72 ПНД Ф 14.1: 2.50-96",
    "recommendation1": null,
    "recommendation2": null
  }
},
{
  "model": "projects.component",
  "pk": 85,
  "fields": {
    "title": "[4|3] Солесодержание",
    "measurement": "мг/дм³",
    "limit_lo": null,
    "limit_hi": "2500",
    "period": "1 раз в неделю",
    "standards": "Кондуктометр",
    "recommendation1": null,
    "recommendation2": "Увеличить продувку"
  }
},
{
  "model": "projects.component",
  "pk": 86,
  "fields": {
    "title": "[4|4] Остаточный хлор",
    "measurement": "мг/дм³",
    "limit_lo": null,
    "limit_hi": "0.6",
    "period": "1 раз в неделю",
    "standards": "МВИ «Насh»",
    "recommendation1": null,
    "recommendation2": "Снизить подачу галогена в оборотную воду"
  }
},
{
  "model": "projects.component",
  "pk": 87,
  "fields": {
    "title": "[4|4] Нефтепродукт",
    "measurement": "мг/дм³",
    "limit_lo": null,
    "limit_hi": "5",
    "period": "2 раза в неделю вторник, пятница",
    "standards": "ГОСТ 26449.1-85 ПНДФ 14.1: 2:4.128-98",
    "recommendation1": null,
    "recommendation2": "Устранить утечки технологических продуктов в оборотную воду"
  }
},
{
  "model": "projects.component",
  "pk": 88,
  "fields": {
    "title": "[4|4] Солесодержание",
    "measurement": "мг/дм³",
    "limit_lo": null,
    "limit_hi": "2500",
    "period": "1 раз в неделю",
    "standards": "Кондуктометр",
    "recommendation1": null,
    "recommendation2": "Увеличить продувку"
  }
},
{
  "model": "projects.component",
  "pk": 89,
  "fields": {
    "title": "[4|5] Общие взвешенные твёрдые частицы",
    "measurement": "мг/дм³",
    "limit_lo": "35",
    "limit_hi": "50",
    "period": "1 раз в сутки** 07.30",
    "standards": "ГОСТ 26449.1-85         МВИ АРНА",
    "recommendation1": null,
    "recommendation2": "Проверить работу осветлителя, проверить Ку, увеличить продувку"
  }
},
{
  "model": "projects.component",
  "pk": 90,
  "fields": {
    "title": "[5|1] Нефтепродукт",
    "measurement": "мг/дм³",
    "limit_lo": null,
    "limit_hi": "3500",
    "period": "1 раз в сутки 08:00",
    "standards": "ГОСТ 26449. 1-85",
    "recommendation1": null,
    "recommendation2": "Отбор пробы сточной воды поступающих с установок завода."
  }
},
{
  "model": "projects.component",
  "pk": 91,
  "fields": {
    "title": "[5|1] Взвешенные вещества",
    "measurement": "мг/дм³",
    "limit_lo": null,
    "limit_hi": "",
    "period": "1 раз в сутки 08:00",
    "standards": "ГОСТ 26449. 1-85 МВИ АРНА",
    "recommendation1": null,
    "recommendation2": null
  }
},
{
  "model": "projects.component",
  "pk": 92,
  "fields": {
    "title": "[5|1] Значение рН",
    "measurement": "един",
    "limit_lo": null,
    "limit_hi": "",
    "period": "1 раз в сутки  08:00",
    "standards": "рН- метр ГОСТ 26449. 1-85",
    "recommendation1": null,
    "recommendation2": null
  }
},
{
  "model": "projects.component",
  "pk": 93,
  "fields": {
    "title": "[5|1] ХПК",
    "measurement": "мг/дм³",
    "limit_lo": null,
    "limit_hi": "",
    "period": "1 раз в сутки 08:00",
    "standards": "ПНДФ 14.1: 2:4.190-03 МВИ «Hach»",
    "recommendation1": null,
    "recommendation2": null
  }
},
{
  "model": "projects.component",
  "pk": 94,
  "fields": {
    "title": "[5|1] АПАВ",
    "measurement": "мг/дм³",
    "limit_lo": null,
    "limit_hi": "",
    "period": "1 раз в сутки 08:00",
    "standards": "ПНДФ 14.1:2:4.158-2000",
    "recommendation1": null,
    "recommendation2": null
  }
},
{
  "model": "projects.component",
  "pk": 95,
  "fields": {
    "title": "[5|1] Аммонийный азот",
    "measurement": "мг/дм³",
    "limit_lo": null,
    "limit_hi": "",
    "period": "1 раз сутки 08:00",
    "standards": "ГОСТ 26449. 2-85 МВИ «Hach»",
    "recommendation1": null,
    "recommendation2": null
  }
},
{
  "model": "projects.component",
  "pk": 96,
  "fields": {
    "title": "[6|1] Значение рН",
    "measurement": "един",
    "limit_lo": null,
    "limit_hi": "7.5",
    "period": "1 раз в сутки 07:30",
    "standards": "рН- метр ГОСТ 26449. 1-85",
    "recommendation1": "Подать едкий натр",
    "recommendation2": "Подать ортофосфорную кислоту"
  }
},
{
  "model": "projects.component",
  "pk": 97,
  "fields": {
    "title": "[6|1] Взвешенные вещества",
    "measurement": "мг/дм³",
    "limit_lo": null,
    "limit_hi": "",
    "period": "1 раз в сутки 07:30",
    "standards": "ГОСТ 26449. 1-85 МВИ АРНА",
    "recommendation1": null,
    "recommendation2": null
  }
},
{
  "model": "projects.component",
  "pk": 98,
  "fields": {
    "title": "[6|1] ХПК",
    "measurement": "мг/дм³",
    "limit_lo": null,
    "limit_hi": "",
    "period": "1 раз в сутки 07:30",
    "standards": "ПНДФ 14.1: 2:4.190-03 МВИ «Hach»",
    "recommendation1": null,
    "recommendation2": null
  }
},
{
  "model": "projects.component",
  "pk": 99,
  "fields": {
    "title": "[6|1] Нефтепродукт",
    "measurement": "мг/дм³",
    "limit_lo": null,
    "limit_hi": "48",
    "period": "2 раза в сутки 07:30 и 13:00",
    "standards": "ГОСТ 26449. 1-85 ПНДФ 14.1: 2:4.128-98",
    "recommendation1": null,
    "recommendation2": "Повысить дозу флокулянта и коагулянта подаваемых на блок  флотации"
  }
},
{
  "model": "projects.component",
  "pk": 100,
  "fields": {
    "title": "[6|1] БПК5",
    "measurement": "мг/дм³",
    "limit_lo": null,
    "limit_hi": "",
    "period": "1 раз в декаду",
    "standards": "РД 204.2.07-91 МВИ №АО-02-2004",
    "recommendation1": null,
    "recommendation2": null
  }
},
{
  "model": "projects.component",
  "pk": 101,
  "fields": {
    "title": "[6|1] Фенолы",
    "measurement": "мг/дм³",
    "limit_lo": null,
    "limit_hi": "",
    "period": "1 раз в декаду",
    "standards": "ГОСТ 26449. 1-85",
    "recommendation1": null,
    "recommendation2": null
  }
},
{
  "model": "projects.component",
  "pk": 102,
  "fields": {
    "title": "[6|1] АПАВ",
    "measurement": "мг/дм³",
    "limit_lo": null,
    "limit_hi": "",
    "period": "1 раз в декаду",
    "standards": "ПНДФ 14.1:2:4.158-2000",
    "recommendation1": null,
    "recommendation2": null
  }
},
{
  "model": "projects.component",
  "pk": 103,
  "fields": {
    "title": "[6|1] Хлориды",
    "measurement": "мг/дм³",
    "limit_lo": null,
    "limit_hi": "",
    "period": "1 раз в декаду",
    "standards": "ГОСТ 26449. 1-85 СТ РК 1496-2006",
    "recommendation1": null,
    "recommendation2": null
  }
},
{
  "model": "projects.component",
  "pk": 104,
  "fields": {
    "title": "[6|1] Сульфаты",
    "measurement": "мг/дм³",
    "limit_lo": null,
    "limit_hi": "",
    "period": "2 раза в месяц 2,12",
    "standards": "СТ РК 1015-2000 МВИ «Hach»",
    "recommendation1": null,
    "recommendation2": null
  }
},
{
  "model": "projects.component",
  "pk": 105,
  "fields": {
    "title": "[6|1] Железо",
    "measurement": "мг/дм³",
    "limit_lo": null,
    "limit_hi": "",
    "period": "2 раза в месяц 3,13",
    "standards": "ГОСТ 26449. 1-85 МВИ «Hach»",
    "recommendation1": null,
    "recommendation2": null
  }
},
{
  "model": "projects.component",
  "pk": 106,
  "fields": {
    "title": "[6|1] Аммонийный азот",
    "measurement": "мг/дм³",
    "limit_lo": null,
    "limit_hi": "",
    "period": "1 раз сутки",
    "standards": "ГОСТ 26449. 2-85 МВИ «Hach»",
    "recommendation1": null,
    "recommendation2": null
  }
},
{
  "model": "projects.component",
  "pk": 107,
  "fields": {
    "title": "[6|1] Азот нитратов",
    "measurement": "мг/дм³",
    "limit_lo": null,
    "limit_hi": "",
    "period": "1 раз в декаду",
    "standards": "ГОСТ 18826-73 СТ РК 7890-3-2006",
    "recommendation1": null,
    "recommendation2": null
  }
},
{
  "model": "projects.component",
  "pk": 108,
  "fields": {
    "title": "[6|1] Азот нитритов",
    "measurement": "мг/дм³",
    "limit_lo": null,
    "limit_hi": "",
    "period": "1 раз в декаду",
    "standards": "ПНДФ 14.1:2:4.26-95",
    "recommendation1": null,
    "recommendation2": null
  }
},
{
  "model": "projects.component",
  "pk": 109,
  "fields": {
    "title": "[6|2] Щёлочность общая",
    "measurement": "мг-экв/л",
    "limit_lo": null,
    "limit_hi": "",
    "period": "1 раз в декаду",
    "standards": "РТМ 24.030.24",
    "recommendation1": null,
    "recommendation2": null
  }
},
{
  "model": "projects.component",
  "pk": 110,
  "fields": {
    "title": "[6|2] Жёсткость общая",
    "measurement": "мг-экв/л",
    "limit_lo": null,
    "limit_hi": "",
    "period": "1 раз в декаду",
    "standards": "РТМ 24.030.24",
    "recommendation1": null,
    "recommendation2": null
  }
},
{
  "model": "projects.component",
  "pk": 111,
  "fields": {
    "title": "[6|2] Окисляемость",
    "measurement": "мгО2/л",
    "limit_lo": null,
    "limit_hi": "",
    "period": "1 раз в декаду",
    "standards": "ГОСТ 26449.1 Методические рекомендации по эксплуатационному анализу воды и пара на тепловых электрос",
    "recommendation1": null,
    "recommendation2": null
  }
},
{
  "model": "projects.component",
  "pk": 112,
  "fields": {
    "title": "[6|2] Солесодержание",
    "measurement": "мг/дм³",
    "limit_lo": null,
    "limit_hi": "",
    "period": "1 раз в декаду",
    "standards": "кондуктометр РТМ 24.030.24",
    "recommendation1": null,
    "recommendation2": null
  }
},
{
  "model": "projects.component",
  "pk": 113,
  "fields": {
    "title": "[6|2] Остаточный хлор",
    "measurement": "мг/дм³",
    "limit_lo": null,
    "limit_hi": "",
    "period": "1 раз в декаду",
    "standards": "",
    "recommendation1": null,
    "recommendation2": null
  }
},
{
  "model": "projects.component",
  "pk": 114,
  "fields": {
    "title": "[6|3] Взвешенные вещества",
    "measurement": "мг/дм³",
    "limit_lo": null,
    "limit_hi": null,
    "period": "1 раз в сутки 07:30",
    "standards": "ГОСТ 26449. 1-85 МВИ АРНА",
    "recommendation1": null,
    "recommendation2": null
  }
},
{
  "model": "projects.component",
  "pk": 115,
  "fields": {
    "title": "[6|3] Нефтепродукт",
    "measurement": "мг/дм³",
    "limit_lo": null,
    "limit_hi": null,
    "period": "2 раза в сутки 07:30 и 13:00",
    "standards": "ГОСТ 26449. 1-85 ПНДФ 14.1: 2:4.128-98",
    "recommendation1": null,
    "recommendation2": null
  }
},
{
  "model": "projects.component",
  "pk": 116,
  "fields": {
    "title": "[6|3] Химическая потребность в кислороде (ХПК)",
    "measurement": "мг/дм³",
    "limit_lo": null,
    "limit_hi": null,
    "period": "1 раз в сутки 07:30",
    "standards": "ПНДФ 14.1: 2:4.190-03 МВИ «Hach»",
    "recommendation1": null,
    "recommendation2": null
  }
},
{
  "model": "projects.component",
  "pk": 117,
  "fields": {
    "title": "[6|3] Аммонийный азот",
    "measurement": "мг/дм³",
    "limit_lo": null,
    "limit_hi": null,
    "period": "1 раз в неделю",
    "standards": "ГОСТ 26449. 2-85 МВИ «Hach»",
    "recommendation1": null,
    "recommendation2": null
  }
},
{
  "model": "projects.component",
  "pk": 118,
  "fields": {
    "title": "[6|3] Фосфор",
    "measurement": "мг/дм³",
    "limit_lo": null,
    "limit_hi": null,
    "period": "1 раз в неделю",
    "standards": "МВИ «Hach»",
    "recommendation1": null,
    "recommendation2": null
  }
},
{
  "model": "projects.component",
  "pk": 119,
  "fields": {
    "title": "[6|3] Биологическая потребность в кислороде (БПК5)",
    "measurement": "мг/дм³",
    "limit_lo": null,
    "limit_hi": null,
    "period": "1 раз в декаду",
    "standards": "РД 204.2.07-91 МВИ №АО-02-2004",
    "recommendation1": null,
    "recommendation2": null
  }
},
{
  "model": "projects.component",
  "pk": 120,
  "fields": {
    "title": "[6|4] Взвешенные вещества",
    "measurement": "мг/дм³",
    "limit_lo": null,
    "limit_hi": null,
    "period": "1 раз в сутки 07:30",
    "standards": "ГОСТ 26449. 1-85 МВИ АРНА",
    "recommendation1": null,
    "recommendation2": null
  }
},
{
  "model": "projects.component",
  "pk": 121,
  "fields": {
    "title": "[6|4] Нефтепродукт",
    "measurement": "мг/дм³",
    "limit_lo": null,
    "limit_hi": null,
    "period": "2 раза в сутки 07:30 и 13:00",
    "standards": "ГОСТ 26449. 1-85 ПНДФ 14.1: 2:4.128-98",
    "recommendation1": null,
    "recommendation2": null
  }
},
{
  "model": "projects.component",
  "pk": 122,
  "fields": {
    "title": "[6|4] Химическая потребность в кислороде (ХПК)",
    "measurement": "мг/дм³",
    "limit_lo": null,
    "limit_hi": null,
    "period": "1 раз в сутки 07:30",
    "standards": "ПНДФ 14.1: 2:4.190-03 МВИ «Hach»",
    "recommendation1": null,
    "recommendation2": null
  }
},
{
  "model": "projects.component",
  "pk": 123,
  "fields": {
    "title": "[6|4] Аммонийный азот",
    "measurement": "мг/дм³",
    "limit_lo": null,
    "limit_hi": null,
    "period": "1 раз в неделю",
    "standards": "ГОСТ 26449. 2-85 МВИ «Hach»",
    "recommendation1": null,
    "recommendation2": null
  }
},
{
  "model": "projects.component",
  "pk": 124,
  "fields": {
    "title": "[6|4] Фосфор",
    "measurement": "мг/дм³",
    "limit_lo": null,
    "limit_hi": null,
    "period": "1 раз в неделю",
    "standards": "МВИ «Hach»",
    "recommendation1": null,
    "recommendation2": null
  }
},
{
  "model": "projects.component",
  "pk": 125,
  "fields": {
    "title": "[6|4] Биологическая потребность в кислороде (БПК5)",
    "measurement": "мг/дм³",
    "limit_lo": null,
    "limit_hi": null,
    "period": "1 раз в декаду",
    "standards": "РД 204.2.07-91 МВИ №АО-02-2004",
    "recommendation1": null,
    "recommendation2": null
  }
},
{
  "model": "projects.componentssite",
  "pk": 35,
  "fields": {
    "active_subst": null,
    "alkalinity": 8,
    "alkalinity_phenols": null,
    "ammonium": null,
    "chlorides": 8,
    "chlorine": null,
    "dry_residue": null,
    "hardness": 8,
    "hardness_calcium": 8,
    "hardness_magnesium": 8,
    "iron": 8,
    "nitrate": null,
    "nitrite": null,
    "oil_prod": 8,
    "oxidability": null,
    "oxygen_bio": null,
    "oxygen_chem": null,
    "ph": 8,
    "phenols": null,
    "phosphorus": 8,
    "salt": 8,
    "sulfates": 8,
    "suspended_solids": 8,
    "suspended_subst": null,
    "datetime": "2022-05-11T18:21:21.665",
    "plant_unit": 1,
    "sampling_site": 1,
    "water_type": 1
  }
},
{
  "model": "projects.componentssite",
  "pk": 36,
  "fields": {
    "active_subst": null,
    "alkalinity": 7,
    "alkalinity_phenols": null,
    "ammonium": null,
    "chlorides": 7,
    "chlorine": null,
    "dry_residue": 7,
    "hardness": 7,
    "hardness_calcium": 7,
    "hardness_magnesium": 7,
    "iron": 7,
    "nitrate": null,
    "nitrite": null,
    "oil_prod": null,
    "oxidability": null,
    "oxygen_bio": null,
    "oxygen_chem": null,
    "ph": 7,
    "phenols": null,
    "phosphorus": null,
    "salt": 7,
    "sulfates": 7,
    "suspended_solids": null,
    "suspended_subst": 7,
    "datetime": "2022-05-11T18:23:17.299",
    "plant_unit": 1,
    "sampling_site": 3,
    "water_type": 2
  }
},
{
  "model": "projects.notification",
  "pk": 1,
  "fields": {
    "title": "Выше нормы"
  }
},
{
  "model": "projects.notification",
  "pk": 2,
  "fields": {
    "title": "Ниже нормы"
  }
},
{
  "model": "projects.status",
  "pk": 1,
  "fields": {
    "title": "Запланировано"
  }
},
{
  "model": "projects.status",
  "pk": 2,
  "fields": {
    "title": "В работе"
  }
},
{
  "model": "projects.status",
  "pk": 3,
  "fields": {
    "title": "На проверке"
  }
},
{
  "model": "projects.status",
  "pk": 4,
  "fields": {
    "title": "Выполнено"
  }
},
{
  "model": "projects.status",
  "pk": 5,
  "fields": {
    "title": "Архив"
  }
},
{
  "model": "projects.additionalcomponents",
  "pk": 18,
  "fields": {
    "plant_unit": 1,
    "recycled_water_consumption": 8,
    "running_water_consumption": 8,
    "purge_flow": 8,
    "hot_water_temp": 8,
    "cold_water_temp": 2,
    "total_microbial_number": 8,
    "datetime": "2022-05-11T18:23:25.100"
  }
},
{
  "model": "projects.additionalcomponents",
  "pk": 19,
  "fields": {
    "plant_unit": 2,
    "recycled_water_consumption": 9,
    "running_water_consumption": 9,
    "purge_flow": 9,
    "hot_water_temp": 9,
    "cold_water_temp": 9,
    "total_microbial_number": 9,
    "datetime": "2022-05-11T19:38:50.901"
  }
},
{
  "model": "projects.additionalcomponents",
  "pk": 20,
  "fields": {
    "plant_unit": 3,
    "recycled_water_consumption": 4,
    "running_water_consumption": 4,
    "purge_flow": 4,
    "hot_water_temp": 4,
    "cold_water_temp": 4,
    "total_microbial_number": 4,
    "datetime": "2022-05-11T19:43:31.288"
  }
},
{
  "model": "projects.additionalcomponents",
  "pk": 21,
  "fields": {
    "plant_unit": 4,
    "recycled_water_consumption": 15,
    "running_water_consumption": 15,
    "purge_flow": 15,
    "hot_water_temp": 15,
    "cold_water_temp": 15,
    "total_microbial_number": 15,
    "datetime": "2022-05-11T19:43:42.389"
  }
},
{
  "model": "projects.additionalcalculations",
  "pk": 5,
  "fields": {
    "evaporation_ratio": 1.143,
    "calcium_hardness_transport": 100.0,
    "purge_volume": 7.0,
    "evaporative_loss": 0.36,
    "drip_loss": 0.016,
    "unauthorized_loss": 0.624,
    "plant_unit": 1,
    "datetime": "2022-05-11T18:23:25.111"
  }
},
{
  "model": "sites.site",
  "pk": 2,
  "fields": {
    "domain": "example.com",
    "name": "example.com"
  }
}
]
