[
{
  "model": "projects.plantunit",
  "pk": 1,
  "fields": {
    "title": "Водоблок-2"
  }
},
{
  "model": "projects.plantunit",
  "pk": 2,
  "fields": {
    "title": "БОВ-1"
  }
},
{
  "model": "projects.plantunit",
  "pk": 3,
  "fields": {
    "title": "БОВ-2"
  }
},
{
  "model": "projects.plantunit",
  "pk": 4,
  "fields": {
    "title": "УГОВ"
  }
},
{
  "model": "projects.plantunit",
  "pk": 5,
  "fields": {
    "title": "МОС"
  }
},
{
  "model": "projects.plantunit",
  "pk": 6,
  "fields": {
    "title": "БОС"
  }
},
{
  "model": "projects.samplingsite",
  "pk": 1,
  "fields": {
    "title": "Дренажные насосы Н-14,15,16",
    "location": 1,
    "water_type": [
      1
    ]
  }
},
{
  "model": "projects.samplingsite",
  "pk": 2,
  "fields": {
    "title": "АВТ погружного холодильника №42",
    "location": 1,
    "water_type": [
      1
    ]
  }
},
{
  "model": "projects.samplingsite",
  "pk": 3,
  "fields": {
    "title": "Дренажные насосы Н-5,11.12",
    "location": 1,
    "water_type": [
      1
    ]
  }
},
{
  "model": "projects.samplingsite",
  "pk": 4,
  "fields": {
    "title": "Точка насосов Р-02А/В/С",
    "location": 2,
    "water_type": [
      2
    ]
  }
},
{
  "model": "projects.samplingsite",
  "pk": 5,
  "fields": {
    "title": "Точка выкид насосов Р-01А/В/С/Д",
    "location": 2,
    "water_type": [
      1
    ]
  }
},
{
  "model": "projects.samplingsite",
  "pk": 6,
  "fields": {
    "title": "Точка насосов Р-01А/В/С/Д",
    "location": 3,
    "water_type": [
      1,
      2
    ]
  }
},
{
  "model": "projects.samplingsite",
  "pk": 7,
  "fields": {
    "title": "Трубопровод Урал 77-SN-001",
    "location": 4,
    "water_type": [
      1
    ]
  }
},
{
  "model": "projects.samplingsite",
  "pk": 8,
  "fields": {
    "title": "Выход из ёмкости 77-ТК-103 77-SN-004",
    "location": 4,
    "water_type": []
  }
},
{
  "model": "projects.samplingsite",
  "pk": 9,
  "fields": {
    "title": "На входе в боковой фильтр позиции 77-Z-003 77-SN-006",
    "location": 4,
    "water_type": []
  }
},
{
  "model": "projects.samplingsite",
  "pk": 10,
  "fields": {
    "title": "Подача на градирню позиции 77-ТI-205 77-SN-007",
    "location": 4,
    "water_type": [
      1
    ]
  }
},
{
  "model": "projects.samplingsite",
  "pk": 11,
  "fields": {
    "title": "На выходе с бокового фильтра 77-Z-003, 77-SN-008",
    "location": 4,
    "water_type": []
  }
},
{
  "model": "projects.samplingsite",
  "pk": 12,
  "fields": {
    "title": "Очистные сооружения поз.119. С колодца промстоков №1 (точка №4 вход)",
    "location": 5,
    "water_type": []
  }
},
{
  "model": "projects.samplingsite",
  "pk": 13,
  "fields": {
    "title": "Пробоотборник 001 перед БОС /А1–SN-001",
    "location": 6,
    "water_type": []
  }
},
{
  "model": "projects.samplingsite",
  "pk": 14,
  "fields": {
    "title": "Сточная вода после биологических очистных сооружений А1–SN-009",
    "location": 6,
    "water_type": []
  }
},
{
  "model": "projects.samplingsite",
  "pk": 15,
  "fields": {
    "title": "Выход с аппарата напорной флотации в ТК-008А/А1–SN-004А",
    "location": 6,
    "water_type": [
      1
    ]
  }
},
{
  "model": "projects.samplingsite",
  "pk": 16,
  "fields": {
    "title": "Выход с аппарата напорной флотации в ТК-008В/А1–SN-004В",
    "location": 6,
    "water_type": [
      1
    ]
  }
},
{
  "model": "projects.watertype",
  "pk": 1,
  "fields": {
    "type": "Оборотная"
  }
},
{
  "model": "projects.watertype",
  "pk": 2,
  "fields": {
    "type": "Подпиточная"
  }
},
{
  "model": "projects.watertype",
  "pk": 3,
  "fields": {
    "type": "Сточная"
  }
},
{
  "model": "projects.component",
  "pk": 1,
  "fields": {
    "title": "[1|1] Нефтепродукт",
    "measurement": "мг/дм³",
    "limit_lo": null,
    "limit_hi": "25",
    "period": "1 раз в неделю воскресенье",
    "standards": "ГОСТ 26449. 1-85 ПНДФ 14.1:2:4.128-98",
    "recommendation1": null,
    "recommendation2": "Устранить утечки технологических продуктов в оборотную воду"
  }
},
{
  "model": "projects.component",
  "pk": 2,
  "fields": {
    "title": "[1|1] Значение рН",
    "measurement": "един",
    "limit_lo": "7",
    "limit_hi": "9",
    "period": "1 раз в неделю воскресенье",
    "standards": "рН- метр ГОСТ 26449. 1-85",
    "recommendation1": "Уменьшить продувку",
    "recommendation2": "Увеличить продувку"
  }
},
{
  "model": "projects.component",
  "pk": 3,
  "fields": {
    "title": "[1|1] Общие взвешенные твердые частицы",
    "measurement": "мг/дм³",
    "limit_lo": "35",
    "limit_hi": "50",
    "period": "1 раз в неделю воскресенье",
    "standards": "ГОСТ 26449. 1-85 МВИ АРНА",
    "recommendation1": null,
    "recommendation2": "Проверить Ку, увеличить продувку"
  }
},
{
  "model": "projects.component",
  "pk": 4,
  "fields": {
    "title": "[1|1] Фосфор",
    "measurement": "мг/дм³",
    "limit_lo": "1.5",
    "limit_hi": "",
    "period": "1 раз в неделю воскресенье",
    "standards": "МВИ «Hach»",
    "recommendation1": "Увеличить дозировку ингибитора",
    "recommendation2": null
  }
},
{
  "model": "projects.component",
  "pk": 5,
  "fields": {
    "title": "[1|1] Щелочность общая",
    "measurement": "мг-экв/л",
    "limit_lo": null,
    "limit_hi": "8",
    "period": "Еженедельно по средам",
    "standards": "РТМ 24.030.24",
    "recommendation1": null,
    "recommendation2": "Увеличить продувку"
  }
},
{
  "model": "projects.component",
  "pk": 6,
  "fields": {
    "title": "[1|1] Жесткость общая",
    "measurement": "мг-экв/л",
    "limit_lo": "6",
    "limit_hi": null,
    "period": "Еженедельно по средам",
    "standards": "РТМ 24.030.24",
    "recommendation1": null,
    "recommendation2": null
  }
},
{
  "model": "projects.component",
  "pk": 7,
  "fields": {
    "title": "[1|1] Солесодержание",
    "measurement": "мг/дм³",
    "limit_lo": null,
    "limit_hi": "2500",
    "period": "Еженедельно по средам",
    "standards": "кондуктометр РТМ 24.030.24",
    "recommendation1": null,
    "recommendation2": "Увеличить продувку"
  }
},
{
  "model": "projects.component",
  "pk": 8,
  "fields": {
    "title": "[1|1] Хлориды",
    "measurement": "мг/дм³",
    "limit_lo": null,
    "limit_hi": "300",
    "period": "Еженедельно по средам",
    "standards": "ГОСТ 26449.1",
    "recommendation1": null,
    "recommendation2": "Увеличить продувку"
  }
},
{
  "model": "projects.component",
  "pk": 9,
  "fields": {
    "title": "[1|1] Сульфаты",
    "measurement": "мг/дм³",
    "limit_lo": null,
    "limit_hi": "500",
    "period": "Еженедельно по средам",
    "standards": "ГОСТ 26449.1 СТ ТОО 40319154-31-2014",
    "recommendation1": null,
    "recommendation2": "Увеличить продувку"
  }
},
{
  "model": "projects.component",
  "pk": 10,
  "fields": {
    "title": "[1|1] Жесткость кальциевая",
    "measurement": "мг-экв/л",
    "limit_lo": null,
    "limit_hi": "",
    "period": "Еженедельно по средам",
    "standards": "ГОСТ 26449.1 СТ ТОО 40319154-43-2014",
    "recommendation1": null,
    "recommendation2": null
  }
},
{
  "model": "projects.component",
  "pk": 11,
  "fields": {
    "title": "[1|1] Жесткость магниевая",
    "measurement": "мг-экв/л",
    "limit_lo": null,
    "limit_hi": null,
    "period": "Еженедельно по средам",
    "standards": "ГОСТ 26449.1",
    "recommendation1": null,
    "recommendation2": null
  }
},
{
  "model": "projects.component",
  "pk": 12,
  "fields": {
    "title": "[1|1] Железо",
    "measurement": "мкг/дм³",
    "limit_lo": null,
    "limit_hi": null,
    "period": "Еженедельно по средам",
    "standards": "ГОСТ 26449.1-85 РТМ 24.030.24",
    "recommendation1": null,
    "recommendation2": null
  }
},
{
  "model": "projects.component",
  "pk": 13,
  "fields": {
    "title": "[1|2] Нефтепродукт",
    "measurement": "мг/дм³",
    "limit_lo": null,
    "limit_hi": "25",
    "period": "1 раз в неделю воскресенье",
    "standards": "ГОСТ 26449. 1-85 ПНДФ 14.1: 2:4.128-98",
    "recommendation1": null,
    "recommendation2": "Устранить утечки технологических продуктов в оборотную воду"
  }
},
{
  "model": "projects.component",
  "pk": 14,
  "fields": {
    "title": "[1|2] Значение рН",
    "measurement": "един",
    "limit_lo": "7",
    "limit_hi": "9",
    "period": "1 раз в неделю воскресенье",
    "standards": "рН- метр ГОСТ 26449. 1-85",
    "recommendation1": "Уменьшить продувку",
    "recommendation2": "Увеличить продувку"
  }
},
{
  "model": "projects.component",
  "pk": 15,
  "fields": {
    "title": "[1|2] Общие взвешенные твердые частицы",
    "measurement": "мг/дм³",
    "limit_lo": null,
    "limit_hi": "2500",
    "period": "1 раз в неделю воскресенье",
    "standards": "ГОСТ 26449. 1-85 МВИ АРНА",
    "recommendation1": null,
    "recommendation2": "Увеличить продувку"
  }
},
{
  "model": "projects.component",
  "pk": 16,
  "fields": {
    "title": "[1|3] Взвешенные вещества",
    "measurement": "мг/дм³",
    "limit_lo": null,
    "limit_hi": "2500",
    "period": "Еженедельно по средам",
    "standards": "ГОСТ 26449.1",
    "recommendation1": null,
    "recommendation2": "Увеличить продувку"
  }
},
{
  "model": "projects.component",
  "pk": 17,
  "fields": {
    "title": "[1|3] Жесткость общая",
    "measurement": "мг-экв/л",
    "limit_lo": null,
    "limit_hi": null,
    "period": "Еженедельно по средам",
    "standards": "РТМ 24.030.24",
    "recommendation1": null,
    "recommendation2": null
  }
},
{
  "model": "projects.component",
  "pk": 18,
  "fields": {
    "title": "[1|3] Железо",
    "measurement": "мкг/дм³",
    "limit_lo": null,
    "limit_hi": null,
    "period": "Еженедельно по средам",
    "standards": "ГОСТ 26449.1-85 РТМ 24.030.24",
    "recommendation1": null,
    "recommendation2": null
  }
},
{
  "model": "projects.component",
  "pk": 19,
  "fields": {
    "title": "[1|3] Сухой остаток",
    "measurement": "мг/дм³",
    "limit_lo": null,
    "limit_hi": null,
    "period": "Еженедельно по средам",
    "standards": "ГОСТ 26449.1",
    "recommendation1": null,
    "recommendation2": null
  }
},
{
  "model": "projects.component",
  "pk": 20,
  "fields": {
    "title": "[1|3] Щелочность общая",
    "measurement": "мг-экв/л",
    "limit_lo": null,
    "limit_hi": "8",
    "period": "Еженедельно по средам",
    "standards": "РТМ 24.030.24",
    "recommendation1": null,
    "recommendation2": "Увеличить продувку"
  }
},
{
  "model": "projects.component",
  "pk": 21,
  "fields": {
    "title": "[1|3] Солесодержание",
    "measurement": "мг/дм³",
    "limit_lo": null,
    "limit_hi": "2500",
    "period": "Еженедельно по средам",
    "standards": "кондуктометр РТМ 24.030.24",
    "recommendation1": null,
    "recommendation2": "Увеличить продувку"
  }
},
{
  "model": "projects.component",
  "pk": 22,
  "fields": {
    "title": "[1|3] Хлориды",
    "measurement": "мг/дм³",
    "limit_lo": null,
    "limit_hi": "300",
    "period": "Еженедельно по средам",
    "standards": "ГОСТ 26449.1",
    "recommendation1": null,
    "recommendation2": "Увеличить продувку"
  }
},
{
  "model": "projects.component",
  "pk": 23,
  "fields": {
    "title": "[1|3] Сульфаты",
    "measurement": "мг/дм³",
    "limit_lo": null,
    "limit_hi": "500",
    "period": "Еженедельно по средам",
    "standards": "ГОСТ 26449.1 СТ ТОО 40319154-31-2014",
    "recommendation1": null,
    "recommendation2": "Увеличить продувку"
  }
},
{
  "model": "projects.component",
  "pk": 24,
  "fields": {
    "title": "[1|3] Жесткость кальциевая",
    "measurement": "мг-экв/л",
    "limit_lo": null,
    "limit_hi": null,
    "period": "Еженедельно по средам",
    "standards": "ГОСТ 26449.1 СТ ТОО 40319154-43-2014",
    "recommendation1": null,
    "recommendation2": null
  }
},
{
  "model": "projects.component",
  "pk": 25,
  "fields": {
    "title": "[1|3] Жесткость магниевая",
    "measurement": "мг-экв/л",
    "limit_lo": null,
    "limit_hi": null,
    "period": "Еженедельно по средам",
    "standards": "ГОСТ 26449.1",
    "recommendation1": null,
    "recommendation2": null
  }
},
{
  "model": "projects.component",
  "pk": 26,
  "fields": {
    "title": "[1|3] Значение рН",
    "measurement": "един",
    "limit_lo": "7",
    "limit_hi": "9",
    "period": "Еженедельно по средам",
    "standards": "рН метр ГОСТ 26449.1",
    "recommendation1": "Уменьшить продувку",
    "recommendation2": "Увеличить продувку"
  }
},
{
  "model": "projects.component",
  "pk": 27,
  "fields": {
    "title": "[2|1] Жесткость общая",
    "measurement": "мг-экв/л",
    "limit_lo": "5",
    "limit_hi": "12",
    "period": "1 раз в неделю",
    "standards": "РТМ 24.030.24",
    "recommendation1": null,
    "recommendation2": null
  }
},
{
  "model": "projects.component",
  "pk": 28,
  "fields": {
    "title": "[2|1] Жесткость кальциевая",
    "measurement": "мг-экв/л",
    "limit_lo": "2",
    "limit_hi": "4.5",
    "period": "1 раз в неделю",
    "standards": "ГОСТ 26449.1 СТ ТОО 40319154-43-2014",
    "recommendation1": null,
    "recommendation2": null
  }
},
{
  "model": "projects.component",
  "pk": 29,
  "fields": {
    "title": "[2|1] Значение рН",
    "measurement": "един",
    "limit_lo": "7",
    "limit_hi": "8.5",
    "period": "1 раз в неделю",
    "standards": "рН- метр ГОСТ 26449. 1-85",
    "recommendation1": null,
    "recommendation2": null
  }
},
{
  "model": "projects.component",
  "pk": 30,
  "fields": {
    "title": "[2|1] Солесодержание",
    "measurement": "мг/дм³",
    "limit_lo": "1000",
    "limit_hi": "",
    "period": "1 раз в неделю",
    "standards": "кондуктометр РТМ 24.030.24",
    "recommendation1": null,
    "recommendation2": null
  }
},
{
  "model": "projects.component",
  "pk": 31,
  "fields": {
    "title": "[2|1] Хлориды",
    "measurement": "мг/дм³",
    "limit_lo": "200",
    "limit_hi": "",
    "period": "1 раз в неделю",
    "standards": "ГОСТ 26449.1",
    "recommendation1": null,
    "recommendation2": null
  }
},
{
  "model": "projects.component",
  "pk": 32,
  "fields": {
    "title": "[2|1] Сульфаты",
    "measurement": "мг/дм³",
    "limit_lo": "120",
    "limit_hi": "",
    "period": "1 раз в неделю",
    "standards": "ГОСТ 26449.1 СТ ТОО 40319154-31-2014",
    "recommendation1": null,
    "recommendation2": null
  }
},
{
  "model": "projects.component",
  "pk": 33,
  "fields": {
    "title": "[2|1] Нефтепродукт",
    "measurement": "мг/дм³",
    "limit_lo": null,
    "limit_hi": null,
    "period": "1 раз в неделю",
    "standards": "ПНДФ 14.1: 2:4.128-98",
    "recommendation1": null,
    "recommendation2": null
  }
},
{
  "model": "projects.component",
  "pk": 34,
  "fields": {
    "title": "[2|1] Взвешенные вещества",
    "measurement": "мг/дм³",
    "limit_lo": "5",
    "limit_hi": "",
    "period": "1 раз в неделю",
    "standards": "ГОСТ 26449.1",
    "recommendation1": null,
    "recommendation2": null
  }
},
{
  "model": "projects.component",
  "pk": 35,
  "fields": {
    "title": "[2|1] Щелочность общая",
    "measurement": "мг-экв/л",
    "limit_lo": null,
    "limit_hi": "",
    "period": "1 раз в неделю",
    "standards": "РТМ 24.030.24",
    "recommendation1": null,
    "recommendation2": null
  }
},
{
  "model": "projects.component",
  "pk": 36,
  "fields": {
    "title": "[2|1] Железо",
    "measurement": "мг/дм³",
    "limit_lo": null,
    "limit_hi": "",
    "period": "1 раз в месяц",
    "standards": "ГОСТ 26449.1-85 РТМ 24.030.24",
    "recommendation1": null,
    "recommendation2": null
  }
},
{
  "model": "projects.component",
  "pk": 37,
  "fields": {
    "title": "[2|2] Жесткость общая",
    "measurement": "мг-экв/л",
    "limit_lo": "",
    "limit_hi": "20",
    "period": "2 раза в неделю",
    "standards": "РТМ 24.030.24",
    "recommendation1": null,
    "recommendation2": "Увеличить продувку"
  }
},
{
  "model": "projects.component",
  "pk": 38,
  "fields": {
    "title": "[2|2] Жесткость кальциевая",
    "measurement": "мг-экв/л",
    "limit_lo": "",
    "limit_hi": "12",
    "period": "2 раза в неделю",
    "standards": "ГОСТ 26449.1 СТ ТОО 40319154-43-2014",
    "recommendation1": null,
    "recommendation2": "Увеличить продувку"
  }
},
{
  "model": "projects.component",
  "pk": 39,
  "fields": {
    "title": "[2|2] Значение рН",
    "measurement": "един",
    "limit_lo": "7",
    "limit_hi": "9",
    "period": "1 раз в неделю",
    "standards": "рН- метр ГОСТ 26449. 1-85",
    "recommendation1": "Уменьшить продувку",
    "recommendation2": "Увеличить продувку"
  }
},
{
  "model": "projects.component",
  "pk": 40,
  "fields": {
    "title": "[2|2] Солесодержание",
    "measurement": "мг/дм³",
    "limit_lo": "",
    "limit_hi": "2000",
    "period": "1 раз в неделю",
    "standards": "кондуктометр РТМ 24.030.24",
    "recommendation1": null,
    "recommendation2": "Увеличить продувку"
  }
},
{
  "model": "projects.component",
  "pk": 41,
  "fields": {
    "title": "[2|2] Хлориды",
    "measurement": "мг/дм³",
    "limit_lo": "",
    "limit_hi": "1000",
    "period": "1 раз в неделю",
    "standards": "ГОСТ 26449.1",
    "recommendation1": null,
    "recommendation2": "Увеличить продувку"
  }
},
{
  "model": "projects.component",
  "pk": 42,
  "fields": {
    "title": "[2|2] Сульфаты",
    "measurement": "мг/дм³",
    "limit_lo": null,
    "limit_hi": "1000",
    "period": "1 раз в неделю",
    "standards": "ГОСТ 26449.1 СТ ТОО 40319154-31-2014",
    "recommendation1": null,
    "recommendation2": "Увеличить продувку"
  }
},
{
  "model": "projects.component",
  "pk": 43,
  "fields": {
    "title": "[2|2] Нефтепродукт",
    "measurement": "мг/дм³",
    "limit_lo": null,
    "limit_hi": "3",
    "period": "1 раз в неделю",
    "standards": "ПНДФ 14.1: 2:4.128-98",
    "recommendation1": null,
    "recommendation2": "Устранить утечки технологических продуктов в оборотную воду"
  }
},
{
  "model": "projects.component",
  "pk": 44,
  "fields": {
    "title": "[2|2] Взвешенные вещества",
    "measurement": "мг/дм³",
    "limit_lo": null,
    "limit_hi": "25",
    "period": "1 раз в неделю",
    "standards": "ГОСТ 26449.1",
    "recommendation1": null,
    "recommendation2": "Проверить работу осветлителя, проверить Ку, увеличить продувку"
  }
},
{
  "model": "projects.component",
  "pk": 45,
  "fields": {
    "title": "[2|2] Щелочность общая",
    "measurement": "мг-экв/л",
    "limit_lo": "6",
    "limit_hi": "7",
    "period": "2 раза в неделю",
    "standards": "РТМ 24.030.24-72",
    "recommendation1": "Уменьшить продувку",
    "recommendation2": "Увеличить продувку"
  }
},
{
  "model": "projects.component",
  "pk": 46,
  "fields": {
    "title": "[2|2] Железо",
    "measurement": "мг/дм³",
    "limit_lo": null,
    "limit_hi": "",
    "period": "1 раз в месяц",
    "standards": "ГОСТ 26449.1-85 РТМ 24.030.24",
    "recommendation1": null,
    "recommendation2": null
  }
},
{
  "model": "projects.component",
  "pk": 47,
  "fields": {
    "title": "[3|1] Жесткость общая",
    "measurement": "мг-экв/л",
    "limit_lo": null,
    "limit_hi": "20",
    "period": "1 раз в неделю",
    "standards": "РТМ 24.030.24",
    "recommendation1": null,
    "recommendation2": "Увеличить продувку"
  }
},
{
  "model": "projects.component",
  "pk": 48,
  "fields": {
    "title": "[3|1] Жесткость кальциевая",
    "measurement": "мг-экв/л",
    "limit_lo": null,
    "limit_hi": "12",
    "period": "1 раз в неделю",
    "standards": "ГОСТ 26449.1 СТ ТОО 40319154-43-2014",
    "recommendation1": null,
    "recommendation2": "Увеличить продувку"
  }
},
{
  "model": "projects.component",
  "pk": 49,
  "fields": {
    "title": "[3|1] Значение рН",
    "measurement": "един",
    "limit_lo": "7",
    "limit_hi": "9",
    "period": "1 раз в неделю",
    "standards": "рН- метр ГОСТ 26449. 1-85",
    "recommendation1": "Уменьшить продувку",
    "recommendation2": "Увеличить продувку"
  }
},
{
  "model": "projects.component",
  "pk": 50,
  "fields": {
    "title": "[3|1] Солесодержание",
    "measurement": "мг/дм³",
    "limit_lo": null,
    "limit_hi": "2000",
    "period": "1 раз в неделю",
    "standards": "кондуктометр РТМ 24.030.24",
    "recommendation1": null,
    "recommendation2": "Увеличить продувку"
  }
},
{
  "model": "projects.component",
  "pk": 51,
  "fields": {
    "title": "[3|1] Хлориды",
    "measurement": "мг/дм³",
    "limit_lo": null,
    "limit_hi": "1000",
    "period": "1 раз в неделю",
    "standards": "ГОСТ 26449.1",
    "recommendation1": null,
    "recommendation2": "Увеличить продувку"
  }
},
{
  "model": "projects.component",
  "pk": 52,
  "fields": {
    "title": "[3|1] Сульфаты",
    "measurement": "мг/дм³",
    "limit_lo": null,
    "limit_hi": "1000",
    "period": "1 раз в неделю",
    "standards": "ГОСТ 26449.1 СТ ТОО 40319154-31-2014",
    "recommendation1": null,
    "recommendation2": "Увеличить продувку"
  }
},
{
  "model": "projects.component",
  "pk": 53,
  "fields": {
    "title": "[3|1] Нефтепродукт",
    "measurement": "мг/дм³",
    "limit_lo": null,
    "limit_hi": "3",
    "period": "1 раз в неделю",
    "standards": "ПНДФ 14.1: 2:4.128-98",
    "recommendation1": null,
    "recommendation2": "Устранить утечки технологических продуктов в оборотную воду"
  }
},
{
  "model": "projects.component",
  "pk": 54,
  "fields": {
    "title": "[3|1] Взвешенные вещества",
    "measurement": "мг/дм³",
    "limit_lo": null,
    "limit_hi": "25",
    "period": "1 раз в неделю",
    "standards": "ГОСТ 26449.1",
    "recommendation1": null,
    "recommendation2": "Проверить работу осветлителя, проверить Ку, увеличить продувку"
  }
},
{
  "model": "projects.component",
  "pk": 55,
  "fields": {
    "title": "[3|1] Щелочность по фенолу",
    "measurement": "мг-экв/л",
    "limit_lo": null,
    "limit_hi": "",
    "period": "1 раз в неделю",
    "standards": "РТМ 24.030.24-72",
    "recommendation1": null,
    "recommendation2": null
  }
},
{
  "model": "projects.component",
  "pk": 56,
  "fields": {
    "title": "[3|1] Щелочность общая",
    "measurement": "мг-экв/л",
    "limit_lo": "6",
    "limit_hi": "7",
    "period": "1 раз в неделю",
    "standards": "РТМ 24.030.24-72",
    "recommendation1": "Уменьшить продувку",
    "recommendation2": "Увеличить продувку"
  }
},
{
  "model": "projects.component",
  "pk": 57,
  "fields": {
    "title": "[3|1] Железо",
    "measurement": "мг/дм³",
    "limit_lo": null,
    "limit_hi": "",
    "period": "1 раз в месяц",
    "standards": "ГОСТ 26449.1-85 РТМ 24.030.24",
    "recommendation1": null,
    "recommendation2": null
  }
},
{
  "model": "projects.component",
  "pk": 58,
  "fields": {
    "title": "[4|1] Общие взвешенные твердые частицы",
    "measurement": "мг/дм³",
    "limit_lo": null,
    "limit_hi": "",
    "period": "2 раза в неделю (вторник и четверг)",
    "standards": "ГОСТ 26449.1-85              МВИ АРНА",
    "recommendation1": null,
    "recommendation2": null
  }
},
{
  "model": "projects.component",
  "pk": 59,
  "fields": {
    "title": "[4|1] Хлориды",
    "measurement": "мг/дм³",
    "limit_lo": null,
    "limit_hi": "",
    "period": "1 раз в неделю вторник",
    "standards": "ГОСТ 26449.1-85 МВИ «Насh»",
    "recommendation1": null,
    "recommendation2": null
  }
},
{
  "model": "projects.component",
  "pk": 60,
  "fields": {
    "title": "[4|1] Сульфаты",
    "measurement": "мг/дм³",
    "limit_lo": null,
    "limit_hi": "",
    "period": "1 раз в неделю четверг",
    "standards": "ГОСТ 26449.2-85 МВИ «Насh»",
    "recommendation1": null,
    "recommendation2": null
  }
},
{
  "model": "projects.component",
  "pk": 61,
  "fields": {
    "title": "[4|1] Значение рН",
    "measurement": "един",
    "limit_lo": null,
    "limit_hi": "",
    "period": "1 раз в неделю четверг",
    "standards": "ГОСТ 26449.1-85",
    "recommendation1": null,
    "recommendation2": null
  }
},
{
  "model": "projects.component",
  "pk": 62,
  "fields": {
    "title": "[4|1] Щелочность общая",
    "measurement": "мг-экв/л",
    "limit_lo": null,
    "limit_hi": "",
    "period": "1 раз в неделю",
    "standards": "РТМ 24.030.24-72.",
    "recommendation1": null,
    "recommendation2": null
  }
},
{
  "model": "projects.component",
  "pk": 63,
  "fields": {
    "title": "[4|1] Жесткость кальциевая",
    "measurement": "мг-экв/л",
    "limit_lo": null,
    "limit_hi": "",
    "period": "1 раз в неделю",
    "standards": "ПНД Ф 14.1: 2.95-97",
    "recommendation1": null,
    "recommendation2": null
  }
},
{
  "model": "projects.component",
  "pk": 64,
  "fields": {
    "title": "[4|1] Жесткость общая",
    "measurement": "мг-экв/л",
    "limit_lo": null,
    "limit_hi": "",
    "period": "1 раз в неделю",
    "standards": "РТМ 24.030.24-72",
    "recommendation1": null,
    "recommendation2": null
  }
},
{
  "model": "projects.component",
  "pk": 65,
  "fields": {
    "title": "[4|1] Железо",
    "measurement": "мг/дм³",
    "limit_lo": null,
    "limit_hi": "",
    "period": "1 раз в неделю",
    "standards": "РТМ 24.030.24-72 ПНД Ф 14.1: 2.50-96",
    "recommendation1": null,
    "recommendation2": null
  }
},
{
  "model": "projects.component",
  "pk": 66,
  "fields": {
    "title": "[4|2] Общие взвешенные твердые частицы",
    "measurement": "мг/дм³",
    "limit_lo": "15",
    "limit_hi": "100",
    "period": "1 раз в сутки** 07.30",
    "standards": "ГОСТ 26449.1-85 МВИ АРНА",
    "recommendation1": null,
    "recommendation2": null
  }
},
{
  "model": "projects.component",
  "pk": 67,
  "fields": {
    "title": "[4|2] Значение рН",
    "measurement": "един",
    "limit_lo": null,
    "limit_hi": "",
    "period": "1 раз в неделю",
    "standards": "ГОСТ 26449.1-85 МВИ АРНА",
    "recommendation1": null,
    "recommendation2": null
  }
},
{
  "model": "projects.component",
  "pk": 68,
  "fields": {
    "title": "[4|2] Хлориды",
    "measurement": "мг/дм³",
    "limit_lo": null,
    "limit_hi": "",
    "period": "1 раз в неделю",
    "standards": "ГОСТ 26449.1-85",
    "recommendation1": null,
    "recommendation2": null
  }
},
{
  "model": "projects.component",
  "pk": 69,
  "fields": {
    "title": "[4|2] Фосфор",
    "measurement": "мг/дм³",
    "limit_lo": null,
    "limit_hi": "",
    "period": "1 раз в неделю",
    "standards": "МВИ «Hach»",
    "recommendation1": null,
    "recommendation2": null
  }
},
{
  "model": "projects.component",
  "pk": 70,
  "fields": {
    "title": "[4|2] Нефтепродукт",
    "measurement": "мг/дм³",
    "limit_lo": null,
    "limit_hi": null,
    "period": "1 раз в неделю",
    "standards": "ГОСТ 26449.1-85 ПНДФ 14.1: 2:4.128-98",
    "recommendation1": null,
    "recommendation2": null
  }
},
{
  "model": "projects.component",
  "pk": 71,
  "fields": {
    "title": "[4|2] Щелочность общая",
    "measurement": "мг-экв/л",
    "limit_lo": null,
    "limit_hi": "",
    "period": "1 раз в неделю",
    "standards": "РТМ 24.030.24-72.",
    "recommendation1": null,
    "recommendation2": null
  }
},
{
  "model": "projects.component",
  "pk": 72,
  "fields": {
    "title": "[4|2] Жесткость кальциевая",
    "measurement": "мг-экв/л",
    "limit_lo": null,
    "limit_hi": "",
    "period": "По требованию",
    "standards": "ПНД Ф 14.1: 2.95-97",
    "recommendation1": null,
    "recommendation2": null
  }
},
{
  "model": "projects.component",
  "pk": 73,
  "fields": {
    "title": "[4|2] Жесткость общая",
    "measurement": "мг-экв/л",
    "limit_lo": null,
    "limit_hi": "",
    "period": "1 раз в неделю",
    "standards": "РТМ 24.030.24-72",
    "recommendation1": null,
    "recommendation2": null
  }
},
{
  "model": "projects.component",
  "pk": 74,
  "fields": {
    "title": "[4|2] Железо",
    "measurement": "мкг/дм³",
    "limit_lo": null,
    "limit_hi": "",
    "period": "По требованию",
    "standards": "РТМ 24.030.24-72 ПНД Ф 14.1: 2.50-96",
    "recommendation1": null,
    "recommendation2": null
  }
},
{
  "model": "projects.component",
  "pk": 75,
  "fields": {
    "title": "[4|2] Солесодержание",
    "measurement": "мг/дм³",
    "limit_lo": null,
    "limit_hi": "",
    "period": "1 раз в неделю",
    "standards": "Кондуктометр",
    "recommendation1": null,
    "recommendation2": null
  }
},
{
  "model": "projects.component",
  "pk": 76,
  "fields": {
    "title": "[4|3] Общие взвешенные твёрдые частицы",
    "measurement": "мг/дм³",
    "limit_lo": "35",
    "limit_hi": "50",
    "period": "1 раз в неделю пятница",
    "standards": "ГОСТ 26449.1-85 МВИ АРНА",
    "recommendation1": null,
    "recommendation2": "Проверить работу осветлителя, проверить Ку, увеличить продувку"
  }
},
{
  "model": "projects.component",
  "pk": 77,
  "fields": {
    "title": "[4|3] Хлориды",
    "measurement": "мг/дм³",
    "limit_lo": null,
    "limit_hi": "300",
    "period": "1 раз в неделю пятница",
    "standards": "ГОСТ 26449.1-85 МВИ «Насh",
    "recommendation1": null,
    "recommendation2": "Увеличить продувку и подпитку осветленной водой"
  }
},
{
  "model": "projects.component",
  "pk": 78,
  "fields": {
    "title": "[4|3] Сульфаты",
    "measurement": "мг/дм³",
    "limit_lo": null,
    "limit_hi": "500",
    "period": "1 раз в неделю пятница",
    "standards": "ГОСТ 26449.2-85 МВИ «Насh»",
    "recommendation1": null,
    "recommendation2": "Увеличить продувку и подпитку осветленной водой"
  }
},
{
  "model": "projects.component",
  "pk": 79,
  "fields": {
    "title": "[4|3] Значение рН",
    "measurement": "един",
    "limit_lo": "7",
    "limit_hi": "9",
    "period": "1 раз в сутки** 07.30",
    "standards": "рН-метр",
    "recommendation1": "Уменьшить продувку",
    "recommendation2": "Увеличить продувку"
  }
},
{
  "model": "projects.component",
  "pk": 80,
  "fields": {
    "title": "[4|3] Фосфор",
    "measurement": "мг/дм³",
    "limit_lo": "1.5",
    "limit_hi": "",
    "period": "1 раз в неделю понедельник",
    "standards": "МВИ «Насh»",
    "recommendation1": "Увеличить дозировку ингибитора",
    "recommendation2": null
  }
},
{
  "model": "projects.component",
  "pk": 81,
  "fields": {
    "title": "[4|3] Щелочность общая",
    "measurement": "мг-экв/л",
    "limit_lo": null,
    "limit_hi": "8",
    "period": "1 раз в неделю",
    "standards": "РТМ 24.030.24-72.",
    "recommendation1": null,
    "recommendation2": "Увеличить продувку"
  }
},
{
  "model": "projects.component",
  "pk": 82,
  "fields": {
    "title": "[4|3] Жесткость кальциевая",
    "measurement": "мг-экв/л",
    "limit_lo": null,
    "limit_hi": "",
    "period": "1 раз в неделю",
    "standards": "ПНД Ф 14.1: 2.95-97",
    "recommendation1": null,
    "recommendation2": null
  }
},
{
  "model": "projects.component",
  "pk": 83,
  "fields": {
    "title": "[4|3] Жесткость общая",
    "measurement": "мг-экв/л",
    "limit_lo": null,
    "limit_hi": "",
    "period": "1 раз в неделю",
    "standards": "РТМ 24.030.24-72",
    "recommendation1": null,
    "recommendation2": null
  }
},
{
  "model": "projects.component",
  "pk": 84,
  "fields": {
    "title": "[4|3] Железо",
    "measurement": "мг/дм³",
    "limit_lo": null,
    "limit_hi": "",
    "period": "1 раз в неделю",
    "standards": "РТМ 24.030.24-72 ПНД Ф 14.1: 2.50-96",
    "recommendation1": null,
    "recommendation2": null
  }
},
{
  "model": "projects.component",
  "pk": 85,
  "fields": {
    "title": "[4|3] Солесодержание",
    "measurement": "мг/дм³",
    "limit_lo": null,
    "limit_hi": "2500",
    "period": "1 раз в неделю",
    "standards": "Кондуктометр",
    "recommendation1": null,
    "recommendation2": "Увеличить продувку"
  }
},
{
  "model": "projects.component",
  "pk": 86,
  "fields": {
    "title": "[4|4] Остаточный хлор",
    "measurement": "мг/дм³",
    "limit_lo": null,
    "limit_hi": "0.6",
    "period": "1 раз в неделю",
    "standards": "МВИ «Насh»",
    "recommendation1": null,
    "recommendation2": "Снизить подачу галогена в оборотную воду"
  }
},
{
  "model": "projects.component",
  "pk": 87,
  "fields": {
    "title": "[4|4] Нефтепродукт",
    "measurement": "мг/дм³",
    "limit_lo": null,
    "limit_hi": "5",
    "period": "2 раза в неделю вторник, пятница",
    "standards": "ГОСТ 26449.1-85 ПНДФ 14.1: 2:4.128-98",
    "recommendation1": null,
    "recommendation2": "Устранить утечки технологических продуктов в оборотную воду"
  }
},
{
  "model": "projects.component",
  "pk": 88,
  "fields": {
    "title": "[4|4] Солесодержание",
    "measurement": "мг/дм³",
    "limit_lo": null,
    "limit_hi": "2500",
    "period": "1 раз в неделю",
    "standards": "Кондуктометр",
    "recommendation1": null,
    "recommendation2": "Увеличить продувку"
  }
},
{
  "model": "projects.component",
  "pk": 89,
  "fields": {
    "title": "[4|5] Общие взвешенные твёрдые частицы",
    "measurement": "мг/дм³",
    "limit_lo": "35",
    "limit_hi": "50",
    "period": "1 раз в сутки** 07.30",
    "standards": "ГОСТ 26449.1-85         МВИ АРНА",
    "recommendation1": null,
    "recommendation2": "Проверить работу осветлителя, проверить Ку, увеличить продувку"
  }
},
{
  "model": "projects.component",
  "pk": 90,
  "fields": {
    "title": "[5|1] Нефтепродукт",
    "measurement": "мг/дм³",
    "limit_lo": null,
    "limit_hi": "3500",
    "period": "1 раз в сутки 08:00",
    "standards": "ГОСТ 26449. 1-85",
    "recommendation1": null,
    "recommendation2": "Отбор пробы сточной воды поступающих с установок завода."
  }
},
{
  "model": "projects.component",
  "pk": 91,
  "fields": {
    "title": "[5|1] Взвешенные вещества",
    "measurement": "мг/дм³",
    "limit_lo": null,
    "limit_hi": "",
    "period": "1 раз в сутки 08:00",
    "standards": "ГОСТ 26449. 1-85 МВИ АРНА",
    "recommendation1": null,
    "recommendation2": null
  }
},
{
  "model": "projects.component",
  "pk": 92,
  "fields": {
    "title": "[5|1] Значение рН",
    "measurement": "един",
    "limit_lo": null,
    "limit_hi": "",
    "period": "1 раз в сутки  08:00",
    "standards": "рН- метр ГОСТ 26449. 1-85",
    "recommendation1": null,
    "recommendation2": null
  }
},
{
  "model": "projects.component",
  "pk": 93,
  "fields": {
    "title": "[5|1] ХПК",
    "measurement": "мг/дм³",
    "limit_lo": null,
    "limit_hi": "",
    "period": "1 раз в сутки 08:00",
    "standards": "ПНДФ 14.1: 2:4.190-03 МВИ «Hach»",
    "recommendation1": null,
    "recommendation2": null
  }
},
{
  "model": "projects.component",
  "pk": 94,
  "fields": {
    "title": "[5|1] АПАВ",
    "measurement": "мг/дм³",
    "limit_lo": null,
    "limit_hi": "",
    "period": "1 раз в сутки 08:00",
    "standards": "ПНДФ 14.1:2:4.158-2000",
    "recommendation1": null,
    "recommendation2": null
  }
},
{
  "model": "projects.component",
  "pk": 95,
  "fields": {
    "title": "[5|1] Аммонийный азот",
    "measurement": "мг/дм³",
    "limit_lo": null,
    "limit_hi": "",
    "period": "1 раз сутки 08:00",
    "standards": "ГОСТ 26449. 2-85 МВИ «Hach»",
    "recommendation1": null,
    "recommendation2": null
  }
},
{
  "model": "projects.component",
  "pk": 96,
  "fields": {
    "title": "[6|1] Значение рН",
    "measurement": "един",
    "limit_lo": null,
    "limit_hi": "7.5",
    "period": "1 раз в сутки 07:30",
    "standards": "рН- метр ГОСТ 26449. 1-85",
    "recommendation1": "Подать едкий натр",
    "recommendation2": "Подать ортофосфорную кислоту"
  }
},
{
  "model": "projects.component",
  "pk": 97,
  "fields": {
    "title": "[6|1] Взвешенные вещества",
    "measurement": "мг/дм³",
    "limit_lo": null,
    "limit_hi": "",
    "period": "1 раз в сутки 07:30",
    "standards": "ГОСТ 26449. 1-85 МВИ АРНА",
    "recommendation1": null,
    "recommendation2": null
  }
},
{
  "model": "projects.component",
  "pk": 98,
  "fields": {
    "title": "[6|1] ХПК",
    "measurement": "мг/дм³",
    "limit_lo": null,
    "limit_hi": "",
    "period": "1 раз в сутки 07:30",
    "standards": "ПНДФ 14.1: 2:4.190-03 МВИ «Hach»",
    "recommendation1": null,
    "recommendation2": null
  }
},
{
  "model": "projects.component",
  "pk": 99,
  "fields": {
    "title": "[6|1] Нефтепродукт",
    "measurement": "мг/дм³",
    "limit_lo": null,
    "limit_hi": "48",
    "period": "2 раза в сутки 07:30 и 13:00",
    "standards": "ГОСТ 26449. 1-85 ПНДФ 14.1: 2:4.128-98",
    "recommendation1": null,
    "recommendation2": "Повысить дозу флокулянта и коагулянта подаваемых на блок  флотации"
  }
},
{
  "model": "projects.component",
  "pk": 100,
  "fields": {
    "title": "[6|1] БПК5",
    "measurement": "мг/дм³",
    "limit_lo": null,
    "limit_hi": "",
    "period": "1 раз в декаду",
    "standards": "РД 204.2.07-91 МВИ №АО-02-2004",
    "recommendation1": null,
    "recommendation2": null
  }
},
{
  "model": "projects.component",
  "pk": 101,
  "fields": {
    "title": "[6|1] Фенолы",
    "measurement": "мг/дм³",
    "limit_lo": null,
    "limit_hi": "",
    "period": "1 раз в декаду",
    "standards": "ГОСТ 26449. 1-85",
    "recommendation1": null,
    "recommendation2": null
  }
},
{
  "model": "projects.component",
  "pk": 102,
  "fields": {
    "title": "[6|1] АПАВ",
    "measurement": "мг/дм³",
    "limit_lo": null,
    "limit_hi": "",
    "period": "1 раз в декаду",
    "standards": "ПНДФ 14.1:2:4.158-2000",
    "recommendation1": null,
    "recommendation2": null
  }
},
{
  "model": "projects.component",
  "pk": 103,
  "fields": {
    "title": "[6|1] Хлориды",
    "measurement": "мг/дм³",
    "limit_lo": null,
    "limit_hi": "",
    "period": "1 раз в декаду",
    "standards": "ГОСТ 26449. 1-85 СТ РК 1496-2006",
    "recommendation1": null,
    "recommendation2": null
  }
},
{
  "model": "projects.component",
  "pk": 104,
  "fields": {
    "title": "[6|1] Сульфаты",
    "measurement": "мг/дм³",
    "limit_lo": null,
    "limit_hi": "",
    "period": "2 раза в месяц 2,12",
    "standards": "СТ РК 1015-2000 МВИ «Hach»",
    "recommendation1": null,
    "recommendation2": null
  }
},
{
  "model": "projects.component",
  "pk": 105,
  "fields": {
    "title": "[6|1] Железо",
    "measurement": "мг/дм³",
    "limit_lo": null,
    "limit_hi": "",
    "period": "2 раза в месяц 3,13",
    "standards": "ГОСТ 26449. 1-85 МВИ «Hach»",
    "recommendation1": null,
    "recommendation2": null
  }
},
{
  "model": "projects.component",
  "pk": 106,
  "fields": {
    "title": "[6|1] Аммонийный азот",
    "measurement": "мг/дм³",
    "limit_lo": null,
    "limit_hi": "",
    "period": "1 раз сутки",
    "standards": "ГОСТ 26449. 2-85 МВИ «Hach»",
    "recommendation1": null,
    "recommendation2": null
  }
},
{
  "model": "projects.component",
  "pk": 107,
  "fields": {
    "title": "[6|1] Азот нитратов",
    "measurement": "мг/дм³",
    "limit_lo": null,
    "limit_hi": "",
    "period": "1 раз в декаду",
    "standards": "ГОСТ 18826-73 СТ РК 7890-3-2006",
    "recommendation1": null,
    "recommendation2": null
  }
},
{
  "model": "projects.component",
  "pk": 108,
  "fields": {
    "title": "[6|1] Азот нитритов",
    "measurement": "мг/дм³",
    "limit_lo": null,
    "limit_hi": "",
    "period": "1 раз в декаду",
    "standards": "ПНДФ 14.1:2:4.26-95",
    "recommendation1": null,
    "recommendation2": null
  }
},
{
  "model": "projects.component",
  "pk": 109,
  "fields": {
    "title": "[6|2] Щёлочность общая",
    "measurement": "мг-экв/л",
    "limit_lo": null,
    "limit_hi": "",
    "period": "1 раз в декаду",
    "standards": "РТМ 24.030.24",
    "recommendation1": null,
    "recommendation2": null
  }
},
{
  "model": "projects.component",
  "pk": 110,
  "fields": {
    "title": "[6|2] Жёсткость общая",
    "measurement": "мг-экв/л",
    "limit_lo": null,
    "limit_hi": "",
    "period": "1 раз в декаду",
    "standards": "РТМ 24.030.24",
    "recommendation1": null,
    "recommendation2": null
  }
},
{
  "model": "projects.component",
  "pk": 111,
  "fields": {
    "title": "[6|2] Окисляемость",
    "measurement": "мгО2/л",
    "limit_lo": null,
    "limit_hi": "",
    "period": "1 раз в декаду",
    "standards": "ГОСТ 26449.1 Методические рекомендации по эксплуатационному анализу воды и пара на тепловых электрос",
    "recommendation1": null,
    "recommendation2": null
  }
},
{
  "model": "projects.component",
  "pk": 112,
  "fields": {
    "title": "[6|2] Солесодержание",
    "measurement": "мг/дм³",
    "limit_lo": null,
    "limit_hi": "",
    "period": "1 раз в декаду",
    "standards": "кондуктометр РТМ 24.030.24",
    "recommendation1": null,
    "recommendation2": null
  }
},
{
  "model": "projects.component",
  "pk": 113,
  "fields": {
    "title": "[6|2] Остаточный хлор",
    "measurement": "мг/дм³",
    "limit_lo": null,
    "limit_hi": "",
    "period": "1 раз в декаду",
    "standards": "",
    "recommendation1": null,
    "recommendation2": null
  }
},
{
  "model": "projects.component",
  "pk": 114,
  "fields": {
    "title": "[6|3] Взвешенные вещества",
    "measurement": "мг/дм³",
    "limit_lo": null,
    "limit_hi": null,
    "period": "1 раз в сутки 07:30",
    "standards": "ГОСТ 26449. 1-85 МВИ АРНА",
    "recommendation1": null,
    "recommendation2": null
  }
},
{
  "model": "projects.component",
  "pk": 115,
  "fields": {
    "title": "[6|3] Нефтепродукт",
    "measurement": "мг/дм³",
    "limit_lo": null,
    "limit_hi": null,
    "period": "2 раза в сутки 07:30 и 13:00",
    "standards": "ГОСТ 26449. 1-85 ПНДФ 14.1: 2:4.128-98",
    "recommendation1": null,
    "recommendation2": null
  }
},
{
  "model": "projects.component",
  "pk": 116,
  "fields": {
    "title": "[6|3] Химическая потребность в кислороде (ХПК)",
    "measurement": "мг/дм³",
    "limit_lo": null,
    "limit_hi": null,
    "period": "1 раз в сутки 07:30",
    "standards": "ПНДФ 14.1: 2:4.190-03 МВИ «Hach»",
    "recommendation1": null,
    "recommendation2": null
  }
},
{
  "model": "projects.component",
  "pk": 117,
  "fields": {
    "title": "[6|3] Аммонийный азот",
    "measurement": "мг/дм³",
    "limit_lo": null,
    "limit_hi": null,
    "period": "1 раз в неделю",
    "standards": "ГОСТ 26449. 2-85 МВИ «Hach»",
    "recommendation1": null,
    "recommendation2": null
  }
},
{
  "model": "projects.component",
  "pk": 118,
  "fields": {
    "title": "[6|3] Фосфор",
    "measurement": "мг/дм³",
    "limit_lo": null,
    "limit_hi": null,
    "period": "1 раз в неделю",
    "standards": "МВИ «Hach»",
    "recommendation1": null,
    "recommendation2": null
  }
},
{
  "model": "projects.component",
  "pk": 119,
  "fields": {
    "title": "[6|3] Биологическая потребность в кислороде (БПК5)",
    "measurement": "мг/дм³",
    "limit_lo": null,
    "limit_hi": null,
    "period": "1 раз в декаду",
    "standards": "РД 204.2.07-91 МВИ №АО-02-2004",
    "recommendation1": null,
    "recommendation2": null
  }
},
{
  "model": "projects.component",
  "pk": 120,
  "fields": {
    "title": "[6|4] Взвешенные вещества",
    "measurement": "мг/дм³",
    "limit_lo": null,
    "limit_hi": null,
    "period": "1 раз в сутки 07:30",
    "standards": "ГОСТ 26449. 1-85 МВИ АРНА",
    "recommendation1": null,
    "recommendation2": null
  }
},
{
  "model": "projects.component",
  "pk": 121,
  "fields": {
    "title": "[6|4] Нефтепродукт",
    "measurement": "мг/дм³",
    "limit_lo": null,
    "limit_hi": null,
    "period": "2 раза в сутки 07:30 и 13:00",
    "standards": "ГОСТ 26449. 1-85 ПНДФ 14.1: 2:4.128-98",
    "recommendation1": null,
    "recommendation2": null
  }
},
{
  "model": "projects.component",
  "pk": 122,
  "fields": {
    "title": "[6|4] Химическая потребность в кислороде (ХПК)",
    "measurement": "мг/дм³",
    "limit_lo": null,
    "limit_hi": null,
    "period": "1 раз в сутки 07:30",
    "standards": "ПНДФ 14.1: 2:4.190-03 МВИ «Hach»",
    "recommendation1": null,
    "recommendation2": null
  }
},
{
  "model": "projects.component",
  "pk": 123,
  "fields": {
    "title": "[6|4] Аммонийный азот",
    "measurement": "мг/дм³",
    "limit_lo": null,
    "limit_hi": null,
    "period": "1 раз в неделю",
    "standards": "ГОСТ 26449. 2-85 МВИ «Hach»",
    "recommendation1": null,
    "recommendation2": null
  }
},
{
  "model": "projects.component",
  "pk": 124,
  "fields": {
    "title": "[6|4] Фосфор",
    "measurement": "мг/дм³",
    "limit_lo": null,
    "limit_hi": null,
    "period": "1 раз в неделю",
    "standards": "МВИ «Hach»",
    "recommendation1": null,
    "recommendation2": null
  }
},
{
  "model": "projects.component",
  "pk": 125,
  "fields": {
    "title": "[6|4] Биологическая потребность в кислороде (БПК5)",
    "measurement": "мг/дм³",
    "limit_lo": null,
    "limit_hi": null,
    "period": "1 раз в декаду",
    "standards": "РД 204.2.07-91 МВИ №АО-02-2004",
    "recommendation1": null,
    "recommendation2": null
  }
},
{
  "model": "projects.componentssite",
  "pk": 35,
  "fields": {
    "active_subst": null,
    "alkalinity": 8,
    "alkalinity_phenols": null,
    "ammonium": null,
    "chlorides": 8,
    "chlorine": null,
    "dry_residue": null,
    "hardness": 8,
    "hardness_calcium": 8,
    "hardness_magnesium": 8,
    "iron": 8,
    "nitrate": null,
    "nitrite": null,
    "oil_prod": 8,
    "oxidability": null,
    "oxygen_bio": null,
    "oxygen_chem": null,
    "ph": 8,
    "phenols": null,
    "phosphorus": 8,
    "salt": 8,
    "sulfates": 8,
    "suspended_solids": 8,
    "suspended_subst": null,
    "datetime": "2022-05-11T18:21:21.665",
    "plant_unit": 1,
    "sampling_site": 1,
    "water_type": 1
  }
},
{
  "model": "projects.componentssite",
  "pk": 36,
  "fields": {
    "active_subst": null,
    "alkalinity": 7,
    "alkalinity_phenols": null,
    "ammonium": null,
    "chlorides": 7,
    "chlorine": null,
    "dry_residue": 7,
    "hardness": 7,
    "hardness_calcium": 7,
    "hardness_magnesium": 7,
    "iron": 7,
    "nitrate": null,
    "nitrite": null,
    "oil_prod": null,
    "oxidability": null,
    "oxygen_bio": null,
    "oxygen_chem": null,
    "ph": 7,
    "phenols": null,
    "phosphorus": null,
    "salt": 7,
    "sulfates": 7,
    "suspended_solids": null,
    "suspended_subst": 7,
    "datetime": "2022-05-11T18:23:17.299",
    "plant_unit": 1,
    "sampling_site": 3,
    "water_type": 2
  }
},
{
  "model": "projects.notification",
  "pk": 1,
  "fields": {
    "title": "Выше нормы"
  }
},
{
  "model": "projects.notification",
  "pk": 2,
  "fields": {
    "title": "Ниже нормы"
  }
},
{
  "model": "projects.status",
  "pk": 1,
  "fields": {
    "title": "Запланировано"
  }
},
{
  "model": "projects.status",
  "pk": 2,
  "fields": {
    "title": "В работе"
  }
},
{
  "model": "projects.status",
  "pk": 3,
  "fields": {
    "title": "На проверке"
  }
},
{
  "model": "projects.status",
  "pk": 4,
  "fields": {
    "title": "Выполнено"
  }
},
{
  "model": "projects.status",
  "pk": 5,
  "fields": {
    "title": "Архив"
  }
},
{
  "model": "projects.additionalcomponents",
  "pk": 18,
  "fields": {
    "plant_unit": 1,
    "recycled_water_consumption": 8,
    "running_water_consumption": 8,
    "purge_flow": 8,
    "hot_water_temp": 8,
    "cold_water_temp": 2,
    "total_microbial_number": 8,
    "datetime": "2022-05-11T18:23:25.100"
  }
},
{
  "model": "projects.additionalcomponents",
  "pk": 19,
  "fields": {
    "plant_unit": 2,
    "recycled_water_consumption": 9,
    "running_water_consumption": 9,
    "purge_flow": 9,
    "hot_water_temp": 9,
    "cold_water_temp": 9,
    "total_microbial_number": 9,
    "datetime": "2022-05-11T19:38:50.901"
  }
},
{
  "model": "projects.additionalcomponents",
  "pk": 20,
  "fields": {
    "plant_unit": 3,
    "recycled_water_consumption": 4,
    "running_water_consumption": 4,
    "purge_flow": 4,
    "hot_water_temp": 4,
    "cold_water_temp": 4,
    "total_microbial_number": 4,
    "datetime": "2022-05-11T19:43:31.288"
  }
},
{
  "model": "projects.additionalcomponents",
  "pk": 21,
  "fields": {
    "plant_unit": 4,
    "recycled_water_consumption": 15,
    "running_water_consumption": 15,
    "purge_flow": 15,
    "hot_water_temp": 15,
    "cold_water_temp": 15,
    "total_microbial_number": 15,
    "datetime": "2022-05-11T19:43:42.389"
  }
},
{
  "model": "projects.additionalcalculations",
  "pk": 5,
  "fields": {
    "evaporation_ratio": 1.143,
    "calcium_hardness_transport": 100.0,
    "purge_volume": 7.0,
    "evaporative_loss": 0.36,
    "drip_loss": 0.016,
    "unauthorized_loss": 0.624,
    "plant_unit": 1,
    "datetime": "2022-05-11T18:23:25.111"
  }
}
]
